method_id,dataset_id,pair_key,PSNR,SSIM_Gaussian11,LPIPS,DISTS,input_sha256,gt_sha256,output_sha256,checkpoint_sha256,source_status,evidence_status
ODCR-D696,D04,1,16.418526003778524,0.832551126104412,0.2089805006980896,0.1485784649848938,3C0D534654C7A4365A783B3C11FF6659728B8A26A0F7E3F47ECAC37018CEF9A5,2EDBB4125D4247BEE1342B2C65FA0B5D03FAB855BD24B00CFAA7A3A74F1076C7,7A5DD0C18F978B12387309F0D15CB0A444AAF53C47C2FDF326A182EC2013B455,D696BBFA42DD1A840708B9C42E824036862ED17D538B2B47551641D8145854DB,SAVED_FIXED_OUTPUT,HASH_VERIFIED_SUPPLEMENT_NOT_STRICT_FINAL
ODCR-D696,D04,2,17.293446980326014,0.817332748612866,0.22188833355903625,0.14696002006530762,83ACE0385ABAAEB78FF8646BA8C0431B42C1F1E9824382A8B29E86CED190C10C,B051CF55CA912DB2DEFDD68017A476C8F9DAF25E3981B2E4F855DAF6025DE403,2544A9713532C1ECE8C2457256529957A2B15E85D7A93CA999071E6D8823DC1E,D696BBFA42DD1A840708B9C42E824036862ED17D538B2B47551641D8145854DB,SAVED_FIXED_OUTPUT,HASH_VERIFIED_SUPPLEMENT_NOT_STRICT_FINAL
ODCR-D696,D04,3,16.134986824682308,0.5777602404841496,0.42240673303604126,0.31046247482299805,7EF116779779E7182354FA2428EDEFDFDBEF1CF7E767FFDB4ABCEBE5A26048EE,B6F7D05A209EDD9D0793F97EA607B9C6EE002C6C4B280B615F08C7D1CBB8E367,770ADF5C2365523A25BDEB76D6C209827562D14C2328BF97A820D6537212D457,D696BBFA42DD1A840708B9C42E824036862ED17D538B2B47551641D8145854DB,SAVED_FIXED_OUTPUT,HASH_VERIFIED_SUPPLEMENT_NOT_STRICT_FINAL
ODCR-D696,D04,4,11.641055760187536,0.6332128015116775,0.396505206823349,0.3002314567565918,CC7A0ACD6AB58D7E211B155F5F31948B25CBFD1164F9AB19AEF5B3696A134446,D504F0C3AF6CD202E5FE35A7345B0CDC80502BE8E14214D8BE98644E3088B385,BF22A50BD751B7841A7918A08DFBB95CF6EB7AE8684739DAE427A710CD4C01DD,D696BBFA42DD1A840708B9C42E824036862ED17D538B2B47551641D8145854DB,SAVED_FIXED_OUTPUT,HASH_VERIFIED_SUPPLEMENT_NOT_STRICT_FINAL
ODCR-D696,D04,5,17.35544184442945,0.7993521224815557,0.2465277463197708,0.1631445288658142,69D75429BD63BDEAD8FC8391B02E51F23668508335060122D005C8A3911B0A81,69A65B307D4138E1B5F96FD220D9F1B31590AC6D5E290C8795988D4BC715EF97,6CEA3E56F54E486505C12DF5538275AD6E3344F054EBDDE88CD740848FC60868,D696BBFA42DD1A840708B9C42E824036862ED17D538B2B47551641D8145854DB,SAVED_FIXED_OUTPUT,HASH_VERIFIED_SUPPLEMENT_NOT_STRICT_FINAL
ODCR-D696,D04,6,15.878901974945688,0.6870605398777903,0.38175901770591736,0.20782411098480225,369A9A7C7774DDC377084A7574F799872C847F35343EFAEBBB03BE17D2290BF7,7E091171C393BB46508BB725BFD30B1BF6FCD51A1A8FA591CE3DAD1233794C61,27276F48C0939743D6DDA4F386B75E7414AF84D1A501B84B3BD4F6086F45174B,D696BBFA42DD1A840708B9C42E824036862ED17D538B2B47551641D8145854DB,SAVED_FIXED_OUTPUT,HASH_VERIFIED_SUPPLEMENT_NOT_STRICT_FINAL
ODCR-D696,D04,7,17.81830337614196,0.7715898055781398,0.28106164932250977,0.18103468418121338,21185097E3161D618C0AB213C8755B6502C750A759B5ECB3EFB9F51CF9E978B4,F8C284D1AF8EEADD80B4940577AA7B3A3AD9BB3E189B5B6BBF293E9595204C30,878EDD9E1BCBAB8CAC04EF7581278CB5B0B7FAE32BAE6B5EA903F2964FA3BE6C,D696BBFA42DD1A840708B9C42E824036862ED17D538B2B47551641D8145854DB,SAVED_FIXED_OUTPUT,HASH_VERIFIED_SUPPLEMENT_NOT_STRICT_FINAL
ODCR-D696,D04,8,16.624795106477446,0.808301585036645,0.22143244743347168,0.13033974170684814,05A6B22C5C127DE881D22D83B43BD43F91A574C38BADE064ACEA9DB34EB44E99,B5E686FC6B20002BF82549EEC3FFF547E8AC27923DED754F062856C325333A8E,992857268D362E07426F13C36BBD89DCAD18CD63829D867565A224C185F39541,D696BBFA42DD1A840708B9C42E824036862ED17D538B2B47551641D8145854DB,SAVED_FIXED_OUTPUT,HASH_VERIFIED_SUPPLEMENT_NOT_STRICT_FINAL
ODCR-D696,D04,9,19.828346756697023,0.8569117052355674,0.16813750565052032,0.08052772283554077,718DE8A6C7D21A51C15C11097E571B3E4F0930279C690822FE98D0D95993A651,C4B2609121116B2C8C654C5E5E80D25BD588EC9CBFCD04B9013B57B8145EBFAB,6B705112764B1435EEA3261FA8404957337FA5D6ACCD77FDCA3EE8787A515D1A,D696BBFA42DD1A840708B9C42E824036862ED17D538B2B47551641D8145854DB,SAVED_FIXED_OUTPUT,HASH_VERIFIED_SUPPLEMENT_NOT_STRICT_FINAL
ODCR-D696,D04,10,19.739111086429677,0.8291584011008645,0.17929990589618683,0.15804994106292725,34D9A2C5323D2FC655B846B6EF110D8A823A4F60CB617990ADE76D9DFBA418D8,5CA247E0447645686F13A31E3FE129CCE1E3A4BD8CDF731993132DC2594D58D7,BE3636D402B5CFB1D3C41BCDF1CA464FE888F371FA51B48D4A2182A8D41DD4E3,D696BBFA42DD1A840708B9C42E824036862ED17D538B2B47551641D8145854DB,SAVED_FIXED_OUTPUT,HASH_VERIFIED_SUPPLEMENT_NOT_STRICT_FINAL
ODCR-D696,D04,11,13.330656578764906,0.611863990670001,0.30748575925827026,0.17965197563171387,5F54EB6EF0E843EB589BD7597C5990F010AFD78D6F850B0C831A380AD4897B5E,B7569C5C5A38F7B57AEE79603DCBE4C5FEF3AAABBDE31B67D12DA65C66963B9D,5BC8141E0BE15BA2A2DFF046FF44D22360D5ECAD747321ABE4C5612D4EA3EC78,D696BBFA42DD1A840708B9C42E824036862ED17D538B2B47551641D8145854DB,SAVED_FIXED_OUTPUT,HASH_VERIFIED_SUPPLEMENT_NOT_STRICT_FINAL
ODCR-D696,D04,12,18.557284589894365,0.7910798751343266,0.28573930263519287,0.19409936666488647,6CF81158987FED6BB4BFDC4DBECEDE31245E6A33DD1D67BE95824F24578B5D7F,3BFF920AF4640D93B95BC805614BD7BD38924B30CCCA62C797F7BD79F4A973B7,DB79E1FE86AE2081E92CC3DB395DE8A2A38D5D1F9C775A9B950F6593ABEAC0D3,D696BBFA42DD1A840708B9C42E824036862ED17D538B2B47551641D8145854DB,SAVED_FIXED_OUTPUT,HASH_VERIFIED_SUPPLEMENT_NOT_STRICT_FINAL
ODCR-D696,D04,13,17.912775039391438,0.760814261737549,0.19991125166416168,0.12963086366653442,24BDBCC4C024B4FAAED275344A0C60794C306F405620AE5F2EA0C9E9C48DBD33,BAA97DD4006D01E1761AA8B55545E698B899CF088F087E09E3B4897555272817,BE1EE3274B4E1E647CB1583CA2BCACCAF3FA6C03A314A84B28C22B7C6586D9F2,D696BBFA42DD1A840708B9C42E824036862ED17D538B2B47551641D8145854DB,SAVED_FIXED_OUTPUT,HASH_VERIFIED_SUPPLEMENT_NOT_STRICT_FINAL
ODCR-D696,D04,14,14.933529667182334,0.7786914143207714,0.2190382480621338,0.14749908447265625,66D2E2061C54CD5F5173CE90A57D302124E8943EFA217DF6B82DB6C67020B38E,162C9550C57E3E348277D3CB4567347B06FAEC07FB6BA6E03DB37F77C0F83FDE,D1EE773D728146179926EDFFA9C03C99E24401FB2EBF42FAFD3099B87949100B,D696BBFA42DD1A840708B9C42E824036862ED17D538B2B47551641D8145854DB,SAVED_FIXED_OUTPUT,HASH_VERIFIED_SUPPLEMENT_NOT_STRICT_FINAL
ODCR-D696,D04,15,22.256842285193276,0.8763920318901653,0.14558590948581696,0.09824776649475098,0A660F46D64370E6A21D9D553AD5F98EB82B6D7DF6E006F9A016F9AFFCAC60EE,1DD2B182975351D661F1E303F63F755F08A1EA7DF43F5FF173D62E149042563A,D6382CD7EBB5F6266A06355652117DA8001532D0E7CE77FEEDBDAC4A4CB5D8FC,D696BBFA42DD1A840708B9C42E824036862ED17D538B2B47551641D8145854DB,SAVED_FIXED_OUTPUT,HASH_VERIFIED_SUPPLEMENT_NOT_STRICT_FINAL
ODCR-D696,D04,16,19.55809088307069,0.8631471124079075,0.2079986333847046,0.1200682520866394,958326DCEE63E40F1DF57EEBE91A219DCF762E1B7FC4DB195C8235CC300EC7E0,DF75E8E547D61499452679F92FC17B26447D47C7888CA7F2FA83B150ECBB4A10,0F6E947ABEB3513B9DC9FA89D1C658D7E1CE4B8D508AE58094FC5E2F58E2A3A5,D696BBFA42DD1A840708B9C42E824036862ED17D538B2B47551641D8145854DB,SAVED_FIXED_OUTPUT,HASH_VERIFIED_SUPPLEMENT_NOT_STRICT_FINAL
ODCR-D696,D04,17,15.287518260799022,0.6604906771941209,0.3934208154678345,0.21149343252182007,E56C54F6F4211814D4A4700E2C51E3C911668E99A51C28C0F3C20BABB7E82A2A,B5CDDB706C2DCFAFC53DCED1FA7F704B77173B02F9890D8F2E1FD75FFEF2C254,A3B6CE4A6458BD2A1D3BF242E238D5B235BA06E06BFF88452A44CA287B5107EB,D696BBFA42DD1A840708B9C42E824036862ED17D538B2B47551641D8145854DB,SAVED_FIXED_OUTPUT,HASH_VERIFIED_SUPPLEMENT_NOT_STRICT_FINAL
ODCR-D696,D04,18,11.817807526195612,0.6522209837317973,0.46284031867980957,0.2318631410598755,43FC7E8F922DA9A7B2A02F0745081828713B87528BFD99FA88DCFE2C369152C1,675F029BCE112FB122C527350EF0C2381F0D7E66272A214D2995C564317E5DC9,1B71DE67E98C31D528F76E42585F294A67841310F136A1E43240E0FDE76FB6FB,D696BBFA42DD1A840708B9C42E824036862ED17D538B2B47551641D8145854DB,SAVED_FIXED_OUTPUT,HASH_VERIFIED_SUPPLEMENT_NOT_STRICT_FINAL
ODCR-D696,D04,19,13.901757262363708,0.7301620237052714,0.33484798669815063,0.2129068374633789,3E65DADC65D687C514E78D0EF8207075BFC577F07581E878BED238D76C392DBF,5408A4C8607E8C201D9EBFBE41184DEF6270FC5766DDFA6F07202044A2CBEAFB,3B5D1BA7CA5A50F535F89209BD3D408D2C5F1C56FEADD7C3C4A900A048BB3FBC,D696BBFA42DD1A840708B9C42E824036862ED17D538B2B47551641D8145854DB,SAVED_FIXED_OUTPUT,HASH_VERIFIED_SUPPLEMENT_NOT_STRICT_FINAL
ODCR-D696,D04,20,20.57737921796956,0.8934647000123364,0.14936372637748718,0.08925390243530273,8BBF8198B78B76A647AD3A7CD0E73CDC213CA3E395FEEC095A1F96BDEBE98741,AB2DCA787F588E801409AB469BB4A59FE4288AD426AF4806DF8223B9629C366D,3DD427F83223B3BCDA9B750442004F1E43D5F7AA876703D52EC6662D2A9BDB88,D696BBFA42DD1A840708B9C42E824036862ED17D538B2B47551641D8145854DB,SAVED_FIXED_OUTPUT,HASH_VERIFIED_SUPPLEMENT_NOT_STRICT_FINAL
ODCR-D696,D04,21,21.80042185742569,0.8635818202739857,0.15274298191070557,0.12264841794967651,36A476105357D29E915CB02FCC4733514C1420DBEF320EBC971BBEABAAE905D0,1AB05A60150CCF7587104B3924BAC1DB81A9B6F870475AD6069FB33F08F41A2A,E478FF15F3B09B9B43DF0CDFBBB38313FD86309CD8D176C1A3D5E87355A47174,D696BBFA42DD1A840708B9C42E824036862ED17D538B2B47551641D8145854DB,SAVED_FIXED_OUTPUT,HASH_VERIFIED_SUPPLEMENT_NOT_STRICT_FINAL
ODCR-D696,D04,22,17.46256272862447,0.8423981574716924,0.1443440020084381,0.09414702653884888,6A582E7EFCF08A71219226CB73B73A27C003D99301784D5378EF2A6D14101973,47F4AB2C93B9C83088E2DB40A410900DAC738B1503DB25D0423FA33B4FE83225,0713FD59F2B843F8BE70220EEF0A28A3FF26962239C1070DE61614B7066121F1,D696BBFA42DD1A840708B9C42E824036862ED17D538B2B47551641D8145854DB,SAVED_FIXED_OUTPUT,HASH_VERIFIED_SUPPLEMENT_NOT_STRICT_FINAL
ODCR-D696,D04,23,13.131108412343075,0.6648386319552045,0.40744659304618835,0.23733383417129517,CCB31930CB34AB7FF04304C7AAFFFB7C7341559008015754666CF2D3D4D578CA,434B68AA01184DA16DD93DB83CD9473F9BDDAA7236E46F29707A26D62E77D034,92A0786E3E5F083332D40C313C51440E4889AE18AFA17579901ADB6C7A18838C,D696BBFA42DD1A840708B9C42E824036862ED17D538B2B47551641D8145854DB,SAVED_FIXED_OUTPUT,HASH_VERIFIED_SUPPLEMENT_NOT_STRICT_FINAL
ODCR-D696,D04,24,17.639642537755897,0.8173982465141556,0.30305224657058716,0.25290149450302124,7396208903EEF483C8C5234A53114F0BB96B6766840771C2009F2EE47C08D0E5,2F94F1D924C537644814F82C9F78DD2901ADEE578F21C87DA409FD5879B1F3FC,C854F52DC76D528741C88562E26A200D745330CB9A04C7603B278B9D0994090C,D696BBFA42DD1A840708B9C42E824036862ED17D538B2B47551641D8145854DB,SAVED_FIXED_OUTPUT,HASH_VERIFIED_SUPPLEMENT_NOT_STRICT_FINAL
ODCR-D696,D04,25,12.108273967713608,0.5809272518860995,0.41178855299949646,0.21925902366638184,7F7E3B1EB104CBBC246EC8788E300A27F5DF60D0F267FFE992A9D0AFC198CF8C,923C0F0EDEC357692FEA84FE1E2BAAE77FD890F2D8294098694D83C5D7BF2F5B,68705191CA2A0A764F3901BCBF6BEE0034CB8B9FD92AED672D9FFA3309143449,D696BBFA42DD1A840708B9C42E824036862ED17D538B2B47551641D8145854DB,SAVED_FIXED_OUTPUT,HASH_VERIFIED_SUPPLEMENT_NOT_STRICT_FINAL
ODCR-D696,D04,31,21.405127996317972,0.8648273249329813,0.17317909002304077,0.085945725440979,C0FD0023EAC765BD9E77E4699C65E6F52F06382C395EA7A8A7DCB02EFFC8466F,CE7E848FDD9B9A8E53CEE8A80540A02E19017CB82656E4DBD934C84AB8192C79,AA0561095D3C238D6E9DD8AB88D3DF0B70C6B8A42539B4FD36F8F86811907EEA,D696BBFA42DD1A840708B9C42E824036862ED17D538B2B47551641D8145854DB,SAVED_FIXED_OUTPUT,HASH_VERIFIED_SUPPLEMENT_NOT_STRICT_FINAL
ODCR-D696,D04,32,13.298658572130824,0.6620497772447732,0.3199443221092224,0.2260999083518982,C95071845DE2EC5A78E782C6611DA84AA42187C31A792D0B8909F51451B602D8,A5E6C4C1E13B6ED7E0E743E0045B52988EBE8835D4220C7BF5D0FA98E2411DF7,D037EA952E835E18A9D46C4CFEB84C347A362C2CC87F883D68AA5EDA37CF759D,D696BBFA42DD1A840708B9C42E824036862ED17D538B2B47551641D8145854DB,SAVED_FIXED_OUTPUT,HASH_VERIFIED_SUPPLEMENT_NOT_STRICT_FINAL
ODCR-D696,D04,33,17.49473543864353,0.7642836169684362,0.2754131853580475,0.2089342474937439,3B555B91195CFD0222CA505B5ED0A372019BBBCFC9063D4D062F88750FAA72D8,47F2C549DAFF442A3F77ADAD6C7C3F05A85E250AE22754117BB873CC2CA13DEC,470AD170CAEBF46DC1AE9B34441810A732F22089EA3F299489C07E68DC706D1D,D696BBFA42DD1A840708B9C42E824036862ED17D538B2B47551641D8145854DB,SAVED_FIXED_OUTPUT,HASH_VERIFIED_SUPPLEMENT_NOT_STRICT_FINAL
ODCR-D696,D04,34,15.766972906506687,0.8335405907240427,0.2263745665550232,0.1697513461112976,49905E56427BFF302B4BFC724C35952837F0FB9423C91A44A15A04062AF871CD,45D9B0C3BAD9B62EC6033EE3933AE05A29CF7CCC1C8A3E5104650132044FBBF4,3452756AE8DF965513131A9EFC14FF797115DE41A2942D7AB943605704D5EA66,D696BBFA42DD1A840708B9C42E824036862ED17D538B2B47551641D8145854DB,SAVED_FIXED_OUTPUT,HASH_VERIFIED_SUPPLEMENT_NOT_STRICT_FINAL
ODCR-D696,D04,35,13.425824295709175,0.6804195211081393,0.3650779128074646,0.2532554864883423,7AE0BE8849F040A52755C6CCD03C1E7C04611CCED8AE2D2FFA6040116E3B1913,AA6632D2E7508666959D0D0D0B9F3E8FAEC29043C23CE2EC7D4A650A4B1083A3,46DD765DB6B66013254AE8A41B9663942B76CFC9D5FD38EEAAB7F898825E149B,D696BBFA42DD1A840708B9C42E824036862ED17D538B2B47551641D8145854DB,SAVED_FIXED_OUTPUT,HASH_VERIFIED_SUPPLEMENT_NOT_STRICT_FINAL
ODCR-D696,D05,1,14.059465262042366,0.7320742767232815,0.3280572295188904,0.1667768359184265,5617E822CEAA1E52407BCF8D0E1835EED14A86F589EC7BC01495E8864BDC7B88,53DCBFDC4EBD977C01654DABFE04CC2246570B1541BDAC6E9699BA15C17ECD88,49B836518444911E17D1ADD557EF826ED96E80436B69A4C22D34D0CCE48A0EF5,D696BBFA42DD1A840708B9C42E824036862ED17D538B2B47551641D8145854DB,SAVED_FIXED_OUTPUT,HASH_VERIFIED_SUPPLEMENT_NOT_STRICT_FINAL
ODCR-D696,D05,2,16.97492646985433,0.7721200562614928,0.25119489431381226,0.12059104442596436,048C2C0A7B3BCA9C974BF8CE047C73288DE209B9E8B13CC84DA00E1E7062FB40,5C667FCCE9A1ECCA7DEAED221128B2C73F7B105C4DFAA7BFE7EE5BC909057F5F,0C771ED66A1FB64A9EBCB9DB046AD364C398652ED1F1034C4C372B525FE9AF25,D696BBFA42DD1A840708B9C42E824036862ED17D538B2B47551641D8145854DB,SAVED_FIXED_OUTPUT,HASH_VERIFIED_SUPPLEMENT_NOT_STRICT_FINAL
ODCR-D696,D05,3,17.284190246632946,0.8438893813051377,0.18374842405319214,0.15800011157989502,3FD16E4347F28400F4A0AFC544C7BF1D7F476733565D2CD3BB02F72F1B9E7DA1,0EA8C6409C916E0336E1CFA98B31C63D7D0A28127A46E0FEFDFA25691CB91B76,0569FFF37AE264422115B4E0F6733E34BDC6F0823BC75E391E397799092C9FE2,D696BBFA42DD1A840708B9C42E824036862ED17D538B2B47551641D8145854DB,SAVED_FIXED_OUTPUT,HASH_VERIFIED_SUPPLEMENT_NOT_STRICT_FINAL
ODCR-D696,D05,4,16.494891180020225,0.6956376449025393,0.355228990316391,0.16081523895263672,A2DB1328B3F4F6F760C551ABAB19099465B7C3082F629E9BC04E893B9C8A0605,70FA3CA85DA8C2153E084C303AE5110635C6D9D3D8A2FA10593B90D029C6F570,072A489A387B07AFA97D6E707476EFA838A816A0FB915582D7060CD082A72A22,D696BBFA42DD1A840708B9C42E824036862ED17D538B2B47551641D8145854DB,SAVED_FIXED_OUTPUT,HASH_VERIFIED_SUPPLEMENT_NOT_STRICT_FINAL
ODCR-D696,D05,5,17.447160074979205,0.47445791937655274,0.5639816522598267,0.35478675365448,F521C0A2A6A0A8D3BD9041F050C167E97F6FB8B3590F958BD86467A5FC1357AB,F0F01C9A961FF272D7AB18E571CE9FC78F35FB33B29493649138458DDC2DAF3A,03506458819EA2E667A7E367A0CFD5161AB299E753726F911EF2DF7F3C774C0D,D696BBFA42DD1A840708B9C42E824036862ED17D538B2B47551641D8145854DB,SAVED_FIXED_OUTPUT,HASH_VERIFIED_SUPPLEMENT_NOT_STRICT_FINAL
ODCR-D696,D05,6,14.040825294058735,0.6367852026020095,0.35238558053970337,0.2453000545501709,F0C64D7A3ACC73E13829DDD822E8D2544329D707DF31FD3C150D1191AB772271,284F692ABE83C7D7F26F5075BF7A7D3302F954305DD8B06C2D41294F790661CB,E6472D3B26879A0102B26C0FD84DB88A9374495C5CCB9C0DDC6861D4C949B487,D696BBFA42DD1A840708B9C42E824036862ED17D538B2B47551641D8145854DB,SAVED_FIXED_OUTPUT,HASH_VERIFIED_SUPPLEMENT_NOT_STRICT_FINAL
ODCR-D696,D05,7,22.037252880578087,0.8614674353339337,0.1435510665178299,0.11928796768188477,64E571161C50D7A886CC22F7D31E6CBF038CE4CDEA3B5F9EFA23F65BFDE3B86D,3576D3A3C1EF68992D1E5EBE696CF03FD821C1ABF70A5DBFAB9EA687D9F67F6F,F3A27712A8A48D9411DF17265D3ACB1B589A7BA925EF566739A2D184EFE10F35,D696BBFA42DD1A840708B9C42E824036862ED17D538B2B47551641D8145854DB,SAVED_FIXED_OUTPUT,HASH_VERIFIED_SUPPLEMENT_NOT_STRICT_FINAL
ODCR-D696,D05,8,12.57228520255671,0.5364207340654857,0.5322462916374207,0.26792240142822266,6434DAA4F8C01279D6B92DAD6831E8AAFEC6CD3F23666D0715D72287DE8B77D3,A7EF48823C56AFA9F2CF44DEF8787391E89F3D84641BD1B920C60D90B717FDE4,ACEAAC1253724F99CDD6A1B5750266477F480E020AF9CED699D4B36135194834,D696BBFA42DD1A840708B9C42E824036862ED17D538B2B47551641D8145854DB,SAVED_FIXED_OUTPUT,HASH_VERIFIED_SUPPLEMENT_NOT_STRICT_FINAL
ODCR-D696,D05,9,16.718049044771615,0.5007862829282163,0.5392447113990784,0.37630563974380493,19AD82CF7EB8055796A0E7948F51430EE9B57BA6F03890D1D418CDD8905245AB,F2F9EE2966C2BA1676947AC453F226689E435A398A31A9D87C601B23F6D33785,70520DBE75E57994D2BC1442D05299425B23501C680EA2878F857194D4C187F9,D696BBFA42DD1A840708B9C42E824036862ED17D538B2B47551641D8145854DB,SAVED_FIXED_OUTPUT,HASH_VERIFIED_SUPPLEMENT_NOT_STRICT_FINAL
ODCR-D696,D05,10,12.137847917267413,0.7212251810823723,0.37520545721054077,0.19229590892791748,A34C1732598E8B49083335EE8E030A0116FF11942E8E6D678CE3634E543A361F,F5BB3CDD8067CBC211ED4897EB8008B353205AECFE648D732F33C569E8BEFE33,61B027600B87EB08CC4D42323BEA053CA5EF8E91DBB54E2526AE0A5695626B32,D696BBFA42DD1A840708B9C42E824036862ED17D538B2B47551641D8145854DB,SAVED_FIXED_OUTPUT,HASH_VERIFIED_SUPPLEMENT_NOT_STRICT_FINAL
ODCR-D696,D05,11,11.947580989362173,0.6476536114561394,0.39176228642463684,0.2534595727920532,7B1A936B06A0B8463FEB093F131E640E40624749382F524DB69E9BBE52B37173,B07169B798FF75F9CFD2AA2DB20325DF8825562D800728E1B8E4555CD4C80C7A,87CC121D800825580D7C2E9724B3833ABDD49CC682BACA2644D966387410479D,D696BBFA42DD1A840708B9C42E824036862ED17D538B2B47551641D8145854DB,SAVED_FIXED_OUTPUT,HASH_VERIFIED_SUPPLEMENT_NOT_STRICT_FINAL
ODCR-D696,D05,12,16.265191331170396,0.7844871315648024,0.32087892293930054,0.15642166137695312,4222656C62CC3E571F6B1E4C5B4C71B2E21517BBBD9CA3AA381B56332B267EDD,806555EDB0833D98300224F41559E43535B567775FC013E802AC7640CBE05BC7,86F3C8EFC9B01D8EC35C186773E86E3FDD8DC90D3A7027B8205C32761FC7B397,D696BBFA42DD1A840708B9C42E824036862ED17D538B2B47551641D8145854DB,SAVED_FIXED_OUTPUT,HASH_VERIFIED_SUPPLEMENT_NOT_STRICT_FINAL
ODCR-D696,D05,13,13.179432363387045,0.669664986067931,0.44326886534690857,0.26750898361206055,977ABD49F66B81417E9174BCBCE868608C31751C9FC4BFA866EF34FD802DCE40,15503F04C2CB5B2DCB5113AE8AA8D8AA89E802BEAD6B6DA16D5F324AD80777AC,092FE5B2617763FBD414DA8372439732F6AB7E959D4A7F034363B09BBE7C8B1D,D696BBFA42DD1A840708B9C42E824036862ED17D538B2B47551641D8145854DB,SAVED_FIXED_OUTPUT,HASH_VERIFIED_SUPPLEMENT_NOT_STRICT_FINAL
ODCR-D696,D05,14,16.822634103326752,0.7878431074670257,0.26972222328186035,0.20309358835220337,246FC0415F51A607CECAFBD82622B91C70329BB2FE6320F137D15944F41BAB6B,A5CB1D302D65F4DF8AF4D46EEF441F7275E76895C28C3529C7AD2126F6599C95,C9704B7087F23C5B5ADE23549A0727F74E06BB748656CD389FF796E42C561387,D696BBFA42DD1A840708B9C42E824036862ED17D538B2B47551641D8145854DB,SAVED_FIXED_OUTPUT,HASH_VERIFIED_SUPPLEMENT_NOT_STRICT_FINAL
ODCR-D696,D05,15,13.664609535787339,0.6470522591677169,0.3989308476448059,0.28054821491241455,AA650654D043422CA7CA33540D52712645D9DE0A1C11EE3550443ACEB01304D2,2399AF2F70BB47D7AAE26101C974F7C99C910619F31ED199FA4F84A94BF2E8A0,927D6BC7F60D6C330C23C748054B19C647BE39D9E093953B46B94BFB3DBFAE53,D696BBFA42DD1A840708B9C42E824036862ED17D538B2B47551641D8145854DB,SAVED_FIXED_OUTPUT,HASH_VERIFIED_SUPPLEMENT_NOT_STRICT_FINAL
ODCR-D696,D05,16,12.479180502314524,0.5436088353268343,0.5837426781654358,0.4315124750137329,A34D3094453208AFDBA0E80FF00D0B8723227CF6B8AE8965EC23104E99FCA9DF,F56B229B99E57C2F8617F6652238124FD8C0186E77BEF491F2121C541529E1EC,5C1D300AB41CEAF7600089F18ACA0B9390405C205EB3A3437B35C605F5AD5359,D696BBFA42DD1A840708B9C42E824036862ED17D538B2B47551641D8145854DB,SAVED_FIXED_OUTPUT,HASH_VERIFIED_SUPPLEMENT_NOT_STRICT_FINAL
ODCR-D696,D05,17,11.415916946560428,0.5627513293181188,0.517448365688324,0.30372583866119385,7F2CC1E4D3CF76F5F4A8E2AF50B82457D6773ECBCF451C9A17DEA6DA9FA65838,95FB456377FF9E1A41A33A46FA19AD8CEC61F3AC3DCC66117350C328AE5DD15D,B3AEBF3213CC1DAFB7A10D24E4E41468104B597684BF16DA458B8EF0EC7DC4BC,D696BBFA42DD1A840708B9C42E824036862ED17D538B2B47551641D8145854DB,SAVED_FIXED_OUTPUT,HASH_VERIFIED_SUPPLEMENT_NOT_STRICT_FINAL
ODCR-D696,D05,18,17.527546467716274,0.7378794472722991,0.2870160937309265,0.16950726509094238,E50EB742F07CAE64CEE4A4DE3628928D6335F4F5B0A541D64D2A9B555FE57078,2E1D305A4C94E175FD80E3E5167BE6BC7D8130D913F3DADFCF77E75152124584,8C22FE3B82EE96E334E57209754F2F700B3959E9B4145BDEFD10AF3E33F9C6F0,D696BBFA42DD1A840708B9C42E824036862ED17D538B2B47551641D8145854DB,SAVED_FIXED_OUTPUT,HASH_VERIFIED_SUPPLEMENT_NOT_STRICT_FINAL
ODCR-D696,D05,19,14.26896721552219,0.7894441265358711,0.2810417413711548,0.13982588052749634,6C5CAC2066ECAFC48120FEBDAF0B2FD62E554D960EC79821579BE7B0B93C886B,C4F0695123F82C180D583489F57C8D065DF7EAA148F4ACBE9E38AFDBC0FF034C,702A144DB8E1F310F81D29DF9A6CB5E3805833B33AAC5223AEB53629E7D310C9,D696BBFA42DD1A840708B9C42E824036862ED17D538B2B47551641D8145854DB,SAVED_FIXED_OUTPUT,HASH_VERIFIED_SUPPLEMENT_NOT_STRICT_FINAL
ODCR-D696,D05,20,12.144027638468138,0.6054748913182695,0.44175437092781067,0.2322118878364563,BC66561B39C77894D5DA42F1760D11A1C255FA2E6D9CECBF1C60C2EBEA9A5B1E,0F243A6FF42B176D7FD505B0F9369023BF724498CE555D16BF5C96E8728C6AEE,FD37820A7FD90CD09665B0E5368248967ED215DFDBE960CD8973B8D27AA6157B,D696BBFA42DD1A840708B9C42E824036862ED17D538B2B47551641D8145854DB,SAVED_FIXED_OUTPUT,HASH_VERIFIED_SUPPLEMENT_NOT_STRICT_FINAL
ODCR-D696,D05,21,15.675568667524658,0.7004256108896111,0.4060693681240082,0.25117433071136475,069F11F974157E01D0C205B3BB74787838DCB6C9F572675EF8BE52973749CF88,259240824FF511C499487549ACBBB54D4B22A0EF45F6A31288656DED08467352,FC9BB9E29C2F515FCA7BCD1220BE3045D39F35776EC68B7FF6AD887031B21AD4,D696BBFA42DD1A840708B9C42E824036862ED17D538B2B47551641D8145854DB,SAVED_FIXED_OUTPUT,HASH_VERIFIED_SUPPLEMENT_NOT_STRICT_FINAL
ODCR-D696,D05,22,21.595439474862413,0.8608245432549042,0.11520339548587799,0.05949294567108154,027F98CC74B5071544C780C4BF27BE6C33F02E6BB80F7B32E19B49280AA57647,15B7A7B47BB42977437541F8497F69D14985F3C88E72775FDAC4CFF963529E26,361023D570959A8CF394F4DAD5C429D30BE8CC84E7A4803DD779FB4E86559D3F,D696BBFA42DD1A840708B9C42E824036862ED17D538B2B47551641D8145854DB,SAVED_FIXED_OUTPUT,HASH_VERIFIED_SUPPLEMENT_NOT_STRICT_FINAL
ODCR-D696,D05,23,20.666499082784156,0.8886298330268767,0.13979803025722504,0.07842051982879639,AD2E2E1D351ADC63E72C962050AD1C5E4649585F5E843EB5B0E4BE18A4EB25CB,2BE0C3921A195D62219DDF3DEFE8D85BC03C0E5C811B4C79E89B5595DF6B9C88,86C465690E8E1F9C28F62231AB4D29900D87A9C019AEF00BB31628AD8A41D756,D696BBFA42DD1A840708B9C42E824036862ED17D538B2B47551641D8145854DB,SAVED_FIXED_OUTPUT,HASH_VERIFIED_SUPPLEMENT_NOT_STRICT_FINAL
ODCR-D696,D05,24,17.130828683095057,0.7610513638514362,0.27758753299713135,0.17179304361343384,FFB1C16B59AABCE6B64480A23E2E805760C05B8F229D6209FC97EB459A71333A,23939243C8F40539CAB9B3FEB8CD6A7CC003511C759FDB133CE06BB44F5BAD21,9464D2E49CA431E28976AA97A9DE6057A2E747A5C9C5E3AF6750A0769CA9936A,D696BBFA42DD1A840708B9C42E824036862ED17D538B2B47551641D8145854DB,SAVED_FIXED_OUTPUT,HASH_VERIFIED_SUPPLEMENT_NOT_STRICT_FINAL
ODCR-D696,D05,25,14.72368081889771,0.6111436338505526,0.41418248414993286,0.33051615953445435,7AADDD9526587BCF8EF52FF204DF7A8F7FCBAFBD07129F8135AEB43FF219EAA3,18A3324C132B01DAEDE2926101B3438A0EC51F25A9668B517A50353B9EE533BB,DD3BB6CA7749AA5A3C1DDFDB57C5E0448826D6A3D681D68B079DD205D64E67B2,D696BBFA42DD1A840708B9C42E824036862ED17D538B2B47551641D8145854DB,SAVED_FIXED_OUTPUT,HASH_VERIFIED_SUPPLEMENT_NOT_STRICT_FINAL
ODCR-D696,D05,26,13.860061903023626,0.5641385766186935,0.4225787818431854,0.27326464653015137,C08AF8D3B58809F658DD29ED6462DF1B3000142F9F0EDDE8126E18E26CE36A7A,11B17173970FB5039C2339518355CCB4EF4604735792D2DE8A87695AAD27C5CF,C9EE74F75EBCC71A5B84F9E7A0C3BA60C11BB7FCD2DCF5130495119D2033505F,D696BBFA42DD1A840708B9C42E824036862ED17D538B2B47551641D8145854DB,SAVED_FIXED_OUTPUT,HASH_VERIFIED_SUPPLEMENT_NOT_STRICT_FINAL
ODCR-D696,D05,27,18.418474718235057,0.7056390834579981,0.3373456597328186,0.17385470867156982,935155512B2D2C193E1E068BB4119B09DED1E575C02785EE73DB4B4568732545,BCC47F54E74F8215F4E023D7356919B108FC232A9B466228D1608F10C29D8749,FB9CEC675E54BD27EBDA1A641F9AA8375B80EEA9B7117FFE1E94A75A4B405E1C,D696BBFA42DD1A840708B9C42E824036862ED17D538B2B47551641D8145854DB,SAVED_FIXED_OUTPUT,HASH_VERIFIED_SUPPLEMENT_NOT_STRICT_FINAL
ODCR-D696,D05,28,13.628598052047547,0.6045267490729106,0.43696513772010803,0.33233535289764404,3F50871D11D92AF7B087677B261E27599FCFEC8F87B5C2676BFB8A161A72741B,25CED5C3A0869E998FB089305E6DB04B964A6DF09211177B7146F2D8EE75019C,D51240EB04906293243D159064AAF6F52C8127CFA36075925CCE2DEBB34B6A17,D696BBFA42DD1A840708B9C42E824036862ED17D538B2B47551641D8145854DB,SAVED_FIXED_OUTPUT,HASH_VERIFIED_SUPPLEMENT_NOT_STRICT_FINAL
ODCR-D696,D05,29,14.846401542452734,0.5429224856096149,0.5162460207939148,0.3624100685119629,81EC091E78B674E82712EAE54F17CE3989A013C3165C42E7E4351164EBC3A1B8,3A02340286A32C2221E2047C6A1B982701F4680E050FAB2D6B2195D167518373,5F9C135501EF3894D47BA711ACCBAFCBFC3E3797539EA03DD719BBE47259EC9B,D696BBFA42DD1A840708B9C42E824036862ED17D538B2B47551641D8145854DB,SAVED_FIXED_OUTPUT,HASH_VERIFIED_SUPPLEMENT_NOT_STRICT_FINAL
ODCR-D696,D05,30,20.179725002081245,0.781398369475777,0.22013884782791138,0.169084370136261,14E10933E531932CAA59CFF583C77F6477A386864ABE63586A9EB798A79FFBC1,2C939BAF94BBD4ADD2421C272D192D45EF8261498DDAE27082ABF608944275D1,F5C22AFE6A2381F6B442E78DE7BFF146FF902CCED2341F759487CD13DBB501B9,D696BBFA42DD1A840708B9C42E824036862ED17D538B2B47551641D8145854DB,SAVED_FIXED_OUTPUT,HASH_VERIFIED_SUPPLEMENT_NOT_STRICT_FINAL
ODCR-D696,D05,31,19.732558153680003,0.8147869145722386,0.2283722460269928,0.13174045085906982,4EB5F6115066B5B44F89B71158CA65ECA5606E07B7EE76D18F9DB017DF02017E,93B5BDDB161F5AC8635C560711F86E9D50007B821AC42AD66EBCFF47A7ABC847,7E41A10B1F04D0F1987F0AAC40359FA67EB87F774124FB1653A04C26DFB8B9D8,D696BBFA42DD1A840708B9C42E824036862ED17D538B2B47551641D8145854DB,SAVED_FIXED_OUTPUT,HASH_VERIFIED_SUPPLEMENT_NOT_STRICT_FINAL
ODCR-D696,D05,32,20.60337002316941,0.8472712086759634,0.1907026767730713,0.13472062349319458,3A0AF12C5C9A38E04AD9E40F558C7EF82299C20A09EB055373A75EF5AF1BC091,2DC61724CB89511613BDE3E46281E159DFBD81A52948E5FD75839D70EA3D5770,155140767B1A57A27B9C9F4D630FEF7A984D2104B832955C951B9771797B059D,D696BBFA42DD1A840708B9C42E824036862ED17D538B2B47551641D8145854DB,SAVED_FIXED_OUTPUT,HASH_VERIFIED_SUPPLEMENT_NOT_STRICT_FINAL
ODCR-D696,D05,33,20.790576426106263,0.8140485939888258,0.2037709355354309,0.16841953992843628,F9A149793D9210C8B1D19D2030C8106B0D8CAD20C2D5C00F5DCF7D7205E2BE3C,F3D6CA89C17499CF57A027570E3D5138A9C3A7ACDCF5C1C05846829D3C8396DD,061D18E6756F5FB1BF9C33DBC026F0DE8E20FA159212CC8D2A6E4C8AB3307B73,D696BBFA42DD1A840708B9C42E824036862ED17D538B2B47551641D8145854DB,SAVED_FIXED_OUTPUT,HASH_VERIFIED_SUPPLEMENT_NOT_STRICT_FINAL
ODCR-D696,D05,34,17.203807217982657,0.8086334935934966,0.2204698920249939,0.11724650859832764,3E232BF58CAFD8FE975659C3F23A303E0369F8077CFEB0EA029806D14B42E1A6,A9F0E2350D12597C0152B1F9980A5B9C04110998A7CE9C7BAE1848BF76327726,D366B35E7417AFA95CE95BCC21099DC3A76E98AC4C12A54475185AA577878F8A,D696BBFA42DD1A840708B9C42E824036862ED17D538B2B47551641D8145854DB,SAVED_FIXED_OUTPUT,HASH_VERIFIED_SUPPLEMENT_NOT_STRICT_FINAL
ODCR-D696,D05,35,23.623747910855535,0.8907725688767862,0.18486154079437256,0.1314144730567932,4C40A00796111F3D0635D323AA05935B18A9E06E1957092F716CD9DB97505EF4,5BBE34BCAAD603A755F20863D53AC35DF8ACC78DA7ED12696113D088AD97A3E7,D4F1CACF7475181C4BA64AD3AF4C202795BB557DEED43970B2F39829E56E6B8A,D696BBFA42DD1A840708B9C42E824036862ED17D538B2B47551641D8145854DB,SAVED_FIXED_OUTPUT,HASH_VERIFIED_SUPPLEMENT_NOT_STRICT_FINAL
ODCR-D696,D05,36,18.081047124453516,0.7812681288673652,0.25682926177978516,0.15147709846496582,72AC49F3AF6F23430C86734FE016FA596D8DAC5634E2536D4B90A23486FB9CBA,ADDE3C96E7C2EA4DB5A80D36EB25AE68014581FBF29C19ABB45E7451D209F37E,AC2F7368A6724F1CC32DCB77AF87EECD75A2B01C534C3E9285C55B8097262784,D696BBFA42DD1A840708B9C42E824036862ED17D538B2B47551641D8145854DB,SAVED_FIXED_OUTPUT,HASH_VERIFIED_SUPPLEMENT_NOT_STRICT_FINAL
ODCR-D696,D05,37,15.514272263202981,0.7018533688172929,0.33558306097984314,0.20214056968688965,A06B19F2ADC72BC1DBEFDE55003F9E242F07638B7EADE116AFF1F7E1A59B615E,E9AF481F2A1E0ADDC74030F128BDC11E062BFAD1F343A4F1E5320D034F1E2B75,8F3D2B6EA86FA5E4C7D33A8B5B7EF9CC66A2D844916A6F468BD7E8105AB38F20,D696BBFA42DD1A840708B9C42E824036862ED17D538B2B47551641D8145854DB,SAVED_FIXED_OUTPUT,HASH_VERIFIED_SUPPLEMENT_NOT_STRICT_FINAL
ODCR-D696,D05,38,14.733250560538648,0.7458203540466258,0.36619776487350464,0.2142864465713501,EDC53095283E1B2282CF0FEDA9F362CA7FFAB4A83410E12A271910824FF6E8BC,016A1A7EDF273F874151ED98B065B6FCA3017CE6B95FDCDECAAD56D0EA29722A,17724FBAC4FA562526E3ADE3219C5EC97A6BAF567E0DCE0D502EC0B2D5898522,D696BBFA42DD1A840708B9C42E824036862ED17D538B2B47551641D8145854DB,SAVED_FIXED_OUTPUT,HASH_VERIFIED_SUPPLEMENT_NOT_STRICT_FINAL
ODCR-D696,D05,39,14.579112001727857,0.6715639918235176,0.37278100848197937,0.2440645694732666,43FD00FA723E0672D4D94C57F199D45C562EEBC216C8761B6D4D72F35C295C04,D706B271E3C8AAAD4FE78FE8A767559DEED87E60E5DC9D2D4A658A24C72A45D6,936432A4A4B0B3F639E0563F10CD444D9B3655BEE0EC889978754F785931677C,D696BBFA42DD1A840708B9C42E824036862ED17D538B2B47551641D8145854DB,SAVED_FIXED_OUTPUT,HASH_VERIFIED_SUPPLEMENT_NOT_STRICT_FINAL
ODCR-D696,D05,40,19.347548447498504,0.7586752242346234,0.2733843922615051,0.17441141605377197,C793D6DACD5C674335DFCEF325448614442663A1E1A41041782741B484E54AF8,8CA115FF13D678E9184FB1C278BDF92F86524BDC7BCFD420808F76CB0CD4E965,BF6B11E88BDCB75D5B503E90FD2F1BC8BF4E288AE7E9459DB7BE327590BAA213,D696BBFA42DD1A840708B9C42E824036862ED17D538B2B47551641D8145854DB,SAVED_FIXED_OUTPUT,HASH_VERIFIED_SUPPLEMENT_NOT_STRICT_FINAL
ODCR-D696,D05,41,20.228844461555727,0.8438334777423117,0.21523654460906982,0.15543001890182495,26548992D267C16A04787BFBB4CC18DBF1F9D4A9C9C32AD6DF9E8272F9BA5779,0F1C00F69C4DB273F46256558A67C5EFF9C558C4D7F538B02BB9A7DEF52615C9,AEDD4463B84DDC59B60E9D070EDF00047BAF9AFAC64478E98758AC2DD4C84ABD,D696BBFA42DD1A840708B9C42E824036862ED17D538B2B47551641D8145854DB,SAVED_FIXED_OUTPUT,HASH_VERIFIED_SUPPLEMENT_NOT_STRICT_FINAL
ODCR-D696,D05,42,15.408110907773063,0.6716578720884532,0.33946967124938965,0.22665178775787354,88055862A2A7D024A0B87A2D896143C5810303ECE53AA3ED01608ECAE9437C7F,CEC706EB619E86F00AABEFE0A57151AA402010FB282F3393535A535E27378736,6A512BD2CCB00A21007A48858E7CBD850F22825EA63AC72C504EADB17E4D4C88,D696BBFA42DD1A840708B9C42E824036862ED17D538B2B47551641D8145854DB,SAVED_FIXED_OUTPUT,HASH_VERIFIED_SUPPLEMENT_NOT_STRICT_FINAL
ODCR-D696,D05,43,22.4106956166051,0.87038731098143,0.1785808950662613,0.1270747184753418,AA762707340C64BF3375CFB66E8ECDAC5657540024BD837242352D994E6E974D,ACC6AD03B3CF01552BD1D8ECC1CDDA971B039FE9AF79B2732A8B3BF6F62C6E49,1E307811C963D586EE2C776E6952C8BF0177EDF34E0B8476A2C9C414A37F18C9,D696BBFA42DD1A840708B9C42E824036862ED17D538B2B47551641D8145854DB,SAVED_FIXED_OUTPUT,HASH_VERIFIED_SUPPLEMENT_NOT_STRICT_FINAL
ODCR-D696,D05,44,19.52313189850407,0.8135551336071966,0.2146734595298767,0.149139404296875,C9C9AD279E573FA522A7D1C5DC015133AFDA31A3A692C9855818F9FB7754E0E1,6F55F38E564BB18AB0B91ADB42953D417A03DE44382B1E4AAF9367F17F869223,155192DCA2ECE31AF06BE9A6DC0B11DA7F0EF21256300ECEAB0F4F038CD84905,D696BBFA42DD1A840708B9C42E824036862ED17D538B2B47551641D8145854DB,SAVED_FIXED_OUTPUT,HASH_VERIFIED_SUPPLEMENT_NOT_STRICT_FINAL
ODCR-D696,D05,45,16.23084296070577,0.6051684544844124,0.41541311144828796,0.3074883818626404,71F257B3B2CFA7945536825D9F1296024F8F9FA150AEE2D73CCEDE854E6A2EC7,2C139A4592AD739977A27D4DD7AB459FA20139838CFA7796BD15AD5792D543E1,43775DF7703341B45CE7960D1CA4DAD688374D68AE9782B25DEC90A5EB66FD06,D696BBFA42DD1A840708B9C42E824036862ED17D538B2B47551641D8145854DB,SAVED_FIXED_OUTPUT,HASH_VERIFIED_SUPPLEMENT_NOT_STRICT_FINAL
ODCR-D696,D06,1,12.281561547264303,0.42788360416082916,0.8386346101760864,0.5098481178283691,28D483EE2ECAE7E22E4DAB43E74216587FF6604AD354609815567F0716FE3713,9ED841651FF20BF8F8636345BA3366395A5317A51C4FBEE6720445349B695377,880CAA0C304336A95CDFA42182CDD8587D18034C93E7C18C6609E8C2D1C0D58B,D696BBFA42DD1A840708B9C42E824036862ED17D538B2B47551641D8145854DB,SAVED_FIXED_OUTPUT,HASH_VERIFIED_SUPPLEMENT_NOT_STRICT_FINAL
ODCR-D696,D06,2,13.245007560198632,0.30388499169252386,0.892047107219696,0.5051126480102539,134860C6C2DA0FCE9A97C8BB53E91039FF661CE28A074FE3B3279816ABC66BFF,6AC611763B08EE9DCE1A5E21507CEB665BC266FADA97AC5E6FCD76D7067EC883,DF4D3E3EE600EB4A03AEAEB496ED9FB7255454F42FCDB21DC55CFCB0F0D00F73,D696BBFA42DD1A840708B9C42E824036862ED17D538B2B47551641D8145854DB,SAVED_FIXED_OUTPUT,HASH_VERIFIED_SUPPLEMENT_NOT_STRICT_FINAL
ODCR-D696,D06,3,14.543573781955777,0.30314327702035593,0.9105790257453918,0.5194334387779236,006F27ABC8E126705555A4285ACD79D314915C77150940E2399ED60F417312FD,5AC49F9CBC4EF1A76ED1E612212C2943CBD487689C04C5E39D9606C85164D22E,E71A4B63FE65B9199A0F95B51AEB39D70EC24358D97DBFB27F449DD9ECF99C1C,D696BBFA42DD1A840708B9C42E824036862ED17D538B2B47551641D8145854DB,SAVED_FIXED_OUTPUT,HASH_VERIFIED_SUPPLEMENT_NOT_STRICT_FINAL
ODCR-D696,D06,4,12.462450573114488,0.20323198336743611,0.7996780276298523,0.5616875886917114,55BD84BE636D6A8BA343BDC6C0DE0584D6889357CB3D34735FF0F78E940AD09F,E082DCCE315F5C0ADBC2EBF1452878836DDA1C622F5A306D2E9E0786999C7D4C,C42E3424832033510483DC796DE0D83A9DF4C387F89F3EE7C5E5D1E448B74ADA,D696BBFA42DD1A840708B9C42E824036862ED17D538B2B47551641D8145854DB,SAVED_FIXED_OUTPUT,HASH_VERIFIED_SUPPLEMENT_NOT_STRICT_FINAL
ODCR-D696,D06,5,10.764539251251925,0.4021833196310404,0.799253523349762,0.5366811752319336,24EACCED76A470F04D9276F248AAB0C3CFF3C058246792F742E2E3CB7A6380CC,B5400CD64D590E3A6194C4B9A2E56393D5D35B5D117B8F6BCC3928822465D9B6,51D4BA8F26798BD0E3C4473A9C83DEB99C151BD096A837B89B402F132E0D10F4,D696BBFA42DD1A840708B9C42E824036862ED17D538B2B47551641D8145854DB,SAVED_FIXED_OUTPUT,HASH_VERIFIED_SUPPLEMENT_NOT_STRICT_FINAL
ODCR-D696,D06,6,13.540266008577603,0.44406372909514746,0.7393161058425903,0.4663986563682556,9341A15AA8360794632AED0F593CE4E6541F798AA5B8628F6DCF6D6D0D249BC3,E000DA4B0BF9E38CE6B0618757ACD57D1CEBF5E34EFD182D0EFE3B982A379795,24F338AA35ABA1361BBB77536F26858DCE2E565918AB60FC86D84F0500FC0F9D,D696BBFA42DD1A840708B9C42E824036862ED17D538B2B47551641D8145854DB,SAVED_FIXED_OUTPUT,HASH_VERIFIED_SUPPLEMENT_NOT_STRICT_FINAL
ODCR-D696,D06,7,16.124264880918105,0.3912671591123778,0.7211848497390747,0.4287761449813843,2132E15598A04E4CB042242D3E5DDE1F0FCD5514C57B8725D4C397DB118AB11B,CE62D9856BC056878547F02D8F4544720EC5990C800826BD34717BBF74A319CF,C35484E71E409C2D76788EE99CE52B19DDE70D7291D6DAEE5CDA318CD55BB480,D696BBFA42DD1A840708B9C42E824036862ED17D538B2B47551641D8145854DB,SAVED_FIXED_OUTPUT,HASH_VERIFIED_SUPPLEMENT_NOT_STRICT_FINAL
ODCR-D696,D06,8,11.887285041563496,0.23658113525336355,0.9161666035652161,0.5674971342086792,D899B7D6739C06AE2AB1ACB81682AAD5EC7C1374E6381E67C8DF1761BDA7BF7F,CAE7E7C1EDF709DBEF8A0885A2B5389CE2A5FF9D2D1ABA7E8491576D982DF5DC,1A1EB98209BE96376F74F891E80E001A3F3BCB987B514EE1F5671F5BCBA8FE42,D696BBFA42DD1A840708B9C42E824036862ED17D538B2B47551641D8145854DB,SAVED_FIXED_OUTPUT,HASH_VERIFIED_SUPPLEMENT_NOT_STRICT_FINAL
ODCR-D696,D06,9,14.309834821441473,0.4530728705316305,0.9064209461212158,0.5838207006454468,EEF4D07864BD7DB244F0A806FCF200ED0288C07FAB8BF3843F6AF1B33B360C58,2B39C36701D4876E7B3AE9400FF1D86AB632239038EB17A2FC3C7A771BC29B54,0F4CB85EF23195F7D14E77BE247915075D8374F28AB7224203E2263611D0F601,D696BBFA42DD1A840708B9C42E824036862ED17D538B2B47551641D8145854DB,SAVED_FIXED_OUTPUT,HASH_VERIFIED_SUPPLEMENT_NOT_STRICT_FINAL
ODCR-D696,D06,10,10.982250599563784,0.3234249623157263,0.8287913799285889,0.5614248514175415,EDB9FF85491DE7ACFCF706623ECCC9863C787C3E426763FB1A2CFE0AC143D633,C679364383BAC2EECA0DC6B66F1992840DDC505BD73D093DE5C9C67FA05CC990,6D9005698F91DE0537024DDDBB9EB85BA814F18DAA3DF57A6029712747ACAD05,D696BBFA42DD1A840708B9C42E824036862ED17D538B2B47551641D8145854DB,SAVED_FIXED_OUTPUT,HASH_VERIFIED_SUPPLEMENT_NOT_STRICT_FINAL
ODCR-D696,D06,11,12.841457532746182,0.3596158994121627,0.823633074760437,0.5014503002166748,36EC563EB560C4735F19351A76A78C09DDE6F9F87549195DD271F447C3684FA3,989839A9FE1DB898EB1E44FD4592EBB962351E077E81409BB6D03C7D8999356E,FD5BBE33579B77419082352C8502CD8BAE920101F54E8C399EE181CFC5BDC6C9,D696BBFA42DD1A840708B9C42E824036862ED17D538B2B47551641D8145854DB,SAVED_FIXED_OUTPUT,HASH_VERIFIED_SUPPLEMENT_NOT_STRICT_FINAL
ODCR-D696,D06,12,12.615478018853823,0.4799133192470972,0.7794286012649536,0.5374249219894409,C5CA312E60B3650041DFF8DD81C5E9B8BA928535379674BD79773319B65E98DF,8FE85AC8A887DBE584B5B70E4BA908B05569C5E2A6D72C45C88393E109D653E0,F6BF28BBD7A926BF1776A75B4CF36E0D0D9A8C9FB3AB8293729BFE2D09137AA9,D696BBFA42DD1A840708B9C42E824036862ED17D538B2B47551641D8145854DB,SAVED_FIXED_OUTPUT,HASH_VERIFIED_SUPPLEMENT_NOT_STRICT_FINAL
ODCR-D696,D06,13,12.686751809640803,0.4141088711190171,0.802516758441925,0.5133439898490906,3E3CCF370C0E5A20CA86428C3DDDE8EA1990A195A06BEA69FCEDDAAAFA9E5696,546B915EEA0AEB7AB290BB7B6BBFB7E6B67BBB54E56C0937231556ABFAA32ECB,0201D0F0992877CCABE473F45961A2FDA7EC7E71FDF7E6750552011A6BBF8CD2,D696BBFA42DD1A840708B9C42E824036862ED17D538B2B47551641D8145854DB,SAVED_FIXED_OUTPUT,HASH_VERIFIED_SUPPLEMENT_NOT_STRICT_FINAL
ODCR-D696,D06,14,11.288575754084135,0.40987339496243386,0.78901207447052,0.5363571643829346,CCEE2CDAEFA0A93958EE30031D4B2A39C661737EA1EA983C420674127715AC0E,8932E017C3B59DA3B9202C8133D3CD0D267D05A7C2839875FDAEDB5142998EC7,BA91EA2CF2E6D91E4020CA4D288E22003B7ABDE53245919A5C6C3529B8ED9373,D696BBFA42DD1A840708B9C42E824036862ED17D538B2B47551641D8145854DB,SAVED_FIXED_OUTPUT,HASH_VERIFIED_SUPPLEMENT_NOT_STRICT_FINAL
ODCR-D696,D06,15,9.636394748644301,0.46265290467866294,0.7652620077133179,0.519659161567688,C2B22D2DC3EF07C16936BACE37FD89533DBDA0D65701E97AAF93DB066AEA6056,ED66F848BC19AAF95EA3F836429497324674EFC70C5B201A91A369D2120885C5,55D1E1B8634117E57E221D5C783BAD5CC0ACFC91C7501EA6B871524B70E729DF,D696BBFA42DD1A840708B9C42E824036862ED17D538B2B47551641D8145854DB,SAVED_FIXED_OUTPUT,HASH_VERIFIED_SUPPLEMENT_NOT_STRICT_FINAL
ODCR-D696,D06,16,12.014346614071435,0.25788539982201014,0.8603494763374329,0.5254780650138855,B7D9F5C033B21B3AAC02AD0ACD53F54D232EEB24C4D10E44902419C1BBC400A6,DBF7FFCBC8657C2BCC9E8E47A7EE8DE7B4644223C8DC023B0B3C2BFE6A20C67B,D1E59EF0F205EAB812F662272B216A6F722A0C7C5C6ADEA08385B1CF80C19DFF,D696BBFA42DD1A840708B9C42E824036862ED17D538B2B47551641D8145854DB,SAVED_FIXED_OUTPUT,HASH_VERIFIED_SUPPLEMENT_NOT_STRICT_FINAL
ODCR-D696,D06,17,10.663943989176282,0.23315940958598294,0.8361212015151978,0.6385129690170288,A0F274D8B271C6193552014BAC75F1CC9A6DB1514E67AFE154C755B61AF77ADB,EF795846A7696089899739E9F674AA4B3EA88776EAC373D1B9177846BDAE2BC2,DEE221E7713B691C1E1373992A900AD8A8D62B7E67A1BBCB83D6C1D38DD35D98,D696BBFA42DD1A840708B9C42E824036862ED17D538B2B47551641D8145854DB,SAVED_FIXED_OUTPUT,HASH_VERIFIED_SUPPLEMENT_NOT_STRICT_FINAL
ODCR-D696,D06,18,13.733397277821224,0.4315413331852213,0.7636202573776245,0.4348887801170349,24E0011E35384905DD680E0D8A4A285D818AF3286B5945F2E3D6FEDDAD0E1AAD,624642F5D30C4D807E4156062BE8D38273DFE0C7993B2230A80F3179880B33A5,DC4984C1521F203B422CF7E87091EC24B8762F4353224608345ED83D50F280CB,D696BBFA42DD1A840708B9C42E824036862ED17D538B2B47551641D8145854DB,SAVED_FIXED_OUTPUT,HASH_VERIFIED_SUPPLEMENT_NOT_STRICT_FINAL
ODCR-D696,D06,19,13.360956159740205,0.4707486735973014,0.7041385173797607,0.4989362359046936,CC351CFCB3246A286EE2AF5245E6253940AF25530C52F9E98267FF9395E412F5,E90FA9E3F510FD18128F9E46253183CD998FCE49F6F9373D03A33B3D39D14BA0,4D9ED04E53B6B8BABECA57EBE9BC27E6DD96E73CA03014C27ABB40BFF2EDCC54,D696BBFA42DD1A840708B9C42E824036862ED17D538B2B47551641D8145854DB,SAVED_FIXED_OUTPUT,HASH_VERIFIED_SUPPLEMENT_NOT_STRICT_FINAL
ODCR-D696,D06,20,15.368957409538153,0.39921308033765185,0.6966100335121155,0.45649850368499756,987C1D848366DD1B84A7141B5AC2F5452DB7047896FC2A41C121AC259EFF3773,40D87A8EBEAC674460D9CD72E74F9B026716F858F604E6EB1DBB2478208C716D,E74A3F27E45380D0007FE51ABF64A75F49BE4B4ED7B331B5434FE4B2F6FE18D4,D696BBFA42DD1A840708B9C42E824036862ED17D538B2B47551641D8145854DB,SAVED_FIXED_OUTPUT,HASH_VERIFIED_SUPPLEMENT_NOT_STRICT_FINAL
ODCR-D696,D06,21,12.30612824407075,0.4157393508750626,0.7256884574890137,0.4971054196357727,6307ED17DBEA16BFF63743D58A5371C35781CA68446AA87B7A05D0E838E1CC8A,5C8BC9FFBC8201C16E9BCE5D90A5F161A9C8DA8468748E2FABF80AAB4FCDB643,E3336ACFF71C32B15254578AB9607ACCE70C9F1198C8669A0865095787AFE7B8,D696BBFA42DD1A840708B9C42E824036862ED17D538B2B47551641D8145854DB,SAVED_FIXED_OUTPUT,HASH_VERIFIED_SUPPLEMENT_NOT_STRICT_FINAL
ODCR-D696,D06,22,13.433670838273796,0.3628995322884591,0.8370364904403687,0.619486927986145,658DAB1A00B41191DA6A17878F89EBF1C6EE4B679E76B985B7F5A6178124CB2D,60B2E368C115B017373BB3925BD64F0FFC7489196EFA4F7F2D51B1110EEBBCF6,736B69DB71E39F925C902F29DABD2F19A9B12370F0BE27F90832DEAB7F1EF974,D696BBFA42DD1A840708B9C42E824036862ED17D538B2B47551641D8145854DB,SAVED_FIXED_OUTPUT,HASH_VERIFIED_SUPPLEMENT_NOT_STRICT_FINAL
ODCR-D696,D06,23,15.14840700429112,0.3813156543654761,0.8960559964179993,0.6016654372215271,2DF3BD74DFE3A4D18ECF6833B7D7FCEAE1FEDAE4039223E1E86DB754951FB8A7,4FB429EA54743E65809DEDD34FE869410472A853F1343D8C0827CC34ED7A4C77,0E8451EC6228DE5B5262F3122366F37E08C74836BCB10DEA6FA562D32B171305,D696BBFA42DD1A840708B9C42E824036862ED17D538B2B47551641D8145854DB,SAVED_FIXED_OUTPUT,HASH_VERIFIED_SUPPLEMENT_NOT_STRICT_FINAL
ODCR-D696,D06,24,10.486937363108574,0.31727426985656676,0.8502720594406128,0.5156749486923218,63725360B9BB3B219193A540E9F457AEC2DDFAFA55B5286BA72EA9295CDE274E,52F5674DE315B42A7874D987100F209DF1337734CFF5E8C92FB9ECD104156BF6,5C14D99EBBB56DC90D151141BE612E4EC53EA8BDF914CAFB48BDCF041B32754D,D696BBFA42DD1A840708B9C42E824036862ED17D538B2B47551641D8145854DB,SAVED_FIXED_OUTPUT,HASH_VERIFIED_SUPPLEMENT_NOT_STRICT_FINAL
ODCR-D696,D06,25,13.6582811929058,0.45559996439098294,0.7366116642951965,0.4919694662094116,0F2A2FBC80EBBDAD0A61F2FC86EABB120D31DBC05E7C58168098E0C6AACA4720,0BA15C9EBD7688A8A22A10AD657BD31E27ECE3F24B3E8778F0BA5D00AE09BC25,C612D75E75F593B5A6870684CA37B5FD51FDD0040BD88E46BABEDFF61296E9B0,D696BBFA42DD1A840708B9C42E824036862ED17D538B2B47551641D8145854DB,SAVED_FIXED_OUTPUT,HASH_VERIFIED_SUPPLEMENT_NOT_STRICT_FINAL
ODCR-D696,D06,26,12.168474701318303,0.36388316146002103,0.8071243762969971,0.5017786026000977,CC1C5D476941198784445EE48CF4A0618B350C1DDF195451C8AFD45306EE7592,06AD8C9C2F0C009268BB287F2C4FBF0119DC85F1831B4FC286DAEF45FD4805C6,BAAA365786125CDF45119EA64F072C964C856D09A2A108F5500292631424A2FE,D696BBFA42DD1A840708B9C42E824036862ED17D538B2B47551641D8145854DB,SAVED_FIXED_OUTPUT,HASH_VERIFIED_SUPPLEMENT_NOT_STRICT_FINAL
ODCR-D696,D06,27,14.52039873420247,0.31078778426816017,0.8221606016159058,0.5258638262748718,74B1A368A32180329F912850A4B622FF7CCAF0BFAFBB49931319D018C95CF861,4B8D83C4CDF79AEA0AECE2B70A36F852D458F3963A74AE4256179C946622609D,6F70C64E041974338273D288905795DCE4290EC6F9592E6C03FA0FAF7D88C2D3,D696BBFA42DD1A840708B9C42E824036862ED17D538B2B47551641D8145854DB,SAVED_FIXED_OUTPUT,HASH_VERIFIED_SUPPLEMENT_NOT_STRICT_FINAL
ODCR-D696,D06,28,11.968544179026487,0.67845427694362,0.5084980726242065,0.4527100920677185,86CB8BFB9D9B93E243E70A7B06750BB4D600F9824ED1C5413481279F6A3EFEAA,D946AF2A3985F8AABC9657C944591DD577D2D5A34CFBBC2247B328651226AA9B,D25142800BD9558887C3C5D499347B8F3206CAFD18715226DA0097EE707685EB,D696BBFA42DD1A840708B9C42E824036862ED17D538B2B47551641D8145854DB,SAVED_FIXED_OUTPUT,HASH_VERIFIED_SUPPLEMENT_NOT_STRICT_FINAL
ODCR-D696,D06,29,10.424245871909223,0.39842241812453266,0.7564241886138916,0.6133421659469604,2E217089D7DBD0D87A7278BDE3316CC67BB5AA909F0B2C79D37ACAC25D9ACB43,B2A6F36C1346016D992A3AE0F5320976D04A6980828B9BD4626EB5DDCA8BF39F,8AF182DEA31241775B4E52BB153FE07907B10A3A66040F570A49855BAEAE869B,D696BBFA42DD1A840708B9C42E824036862ED17D538B2B47551641D8145854DB,SAVED_FIXED_OUTPUT,HASH_VERIFIED_SUPPLEMENT_NOT_STRICT_FINAL
ODCR-D696,D06,30,9.43771217569525,0.45351083217688676,0.7499975562095642,0.49778926372528076,F805D7B18D0450840510982C28BB488F49971E13370FEC14BFCCD5D90FA3D55C,1EE74FB57012F24B04F04E826AECE6D29063371B122630F228671E9C662481D8,2773C4C7902183A98C8C3E7F96CB53B0273B41FF6772D9FA9EA859E554081978,D696BBFA42DD1A840708B9C42E824036862ED17D538B2B47551641D8145854DB,SAVED_FIXED_OUTPUT,HASH_VERIFIED_SUPPLEMENT_NOT_STRICT_FINAL
ODCR-D696,D06,31,8.364775963469826,0.43846070609267457,0.7492151856422424,0.5585734844207764,5B4752F6B9AB26B81E82D0F5050D45216E4224B58A5C1BFBA3B1450087522335,23E6DD267CD37701626769B780C7ACF0B1DB9DE5CF948BCE59A254A49DF093E8,22996FFA0A36C9817246DC3A96F49E1065C1C2F6F1D3B4F6124F90D91CC26384,D696BBFA42DD1A840708B9C42E824036862ED17D538B2B47551641D8145854DB,SAVED_FIXED_OUTPUT,HASH_VERIFIED_SUPPLEMENT_NOT_STRICT_FINAL
ODCR-D696,D06,32,15.941277961129046,0.7985585115608927,0.44666793942451477,0.37537437677383423,BD6B4F664DBDD67FD65C626D6305C2D749E8BA501BB0B13922AAD0374DE4B68F,EAFCCC0689F0593E9129F67BC528E9505050795EFF27F133FAFA5BA77869174B,863B71ED43268D50D179C1821826D09D5B2A3ADCEA4F023CF1F44A5C10CBCB89,D696BBFA42DD1A840708B9C42E824036862ED17D538B2B47551641D8145854DB,SAVED_FIXED_OUTPUT,HASH_VERIFIED_SUPPLEMENT_NOT_STRICT_FINAL
ODCR-D696,D06,33,13.424011775285653,0.48563227217293026,0.6451094150543213,0.36761724948883057,351A2056999C9EE643F737E055CC2507C510C7FCF88B602D2EC7B20D12C71330,A0CAF6E489C3E91AC5CE02B14EF77A8F1CA15FA3CACC14E5ABADBD8F56946518,0A855B6CC461C019FF74F1EA335245DBFF54E205E211AD7E6CDC884BB8546FD0,D696BBFA42DD1A840708B9C42E824036862ED17D538B2B47551641D8145854DB,SAVED_FIXED_OUTPUT,HASH_VERIFIED_SUPPLEMENT_NOT_STRICT_FINAL
ODCR-D696,D06,34,10.081137864114877,0.5300047402977164,0.7572037577629089,0.4906701445579529,9684809E3D2CEBB9498D368DB76487755B47C918B8AEDA34592F0760827B62E3,3D36540A6E5742D0E0B3A8406747E3DA1C8FD083C4C487266A1CA8F9B55E1104,72A3E4AC4895153DDE56B84B9EAE877327E209D9BB22A368367869B2EB6FCD1E,D696BBFA42DD1A840708B9C42E824036862ED17D538B2B47551641D8145854DB,SAVED_FIXED_OUTPUT,HASH_VERIFIED_SUPPLEMENT_NOT_STRICT_FINAL
ODCR-D696,D06,35,10.09694566046226,0.5540337515664077,0.6672853231430054,0.47455692291259766,42B393C16A0124EBCC5221226C70D3898641E63EE485166FECDFE91DB3D9BE93,5385E420F7F42485979C8E65AC957AE6D7245831CCA02585CA39BD658E562F55,D8F703B67F8A2F92ED5AD92F65020B7C7BB3931EE827AE08461D10B1F8D8D35C,D696BBFA42DD1A840708B9C42E824036862ED17D538B2B47551641D8145854DB,SAVED_FIXED_OUTPUT,HASH_VERIFIED_SUPPLEMENT_NOT_STRICT_FINAL
ODCR-D696,D06,36,15.090125487949837,0.7042935247362657,0.4130792021751404,0.2859872579574585,6F8DE0ABEF45000A285E3CC6C5210B5BFD2FD1CA972A46D6E1F89B20AF7945DF,AA92DE50B482FEFA542AA9AE0E1084CAD9D988260A3BADB4DEFDFC660A9625CA,4E93F758D429357D11FD2B3676F5E38C73DD70EC7F4EDEEDB709D6F6DCD5BCC3,D696BBFA42DD1A840708B9C42E824036862ED17D538B2B47551641D8145854DB,SAVED_FIXED_OUTPUT,HASH_VERIFIED_SUPPLEMENT_NOT_STRICT_FINAL
ODCR-D696,D06,37,14.18388842695026,0.7243110897672168,0.5034877061843872,0.3210248351097107,E71A9F85D51AF0EA561A9C767B8AE577993B9E08CE0863B6E2B7647501248B14,5C2F4FD63FFE544C64B50E0063B95A445A3BDB6D2B83B06BDA91E19EE861F693,0F538366617B7A7E7398AA5CDAA5BF3BE43290C369D44B75914C5209AB4CF0C8,D696BBFA42DD1A840708B9C42E824036862ED17D538B2B47551641D8145854DB,SAVED_FIXED_OUTPUT,HASH_VERIFIED_SUPPLEMENT_NOT_STRICT_FINAL
ODCR-D696,D06,38,10.361217560796444,0.5293757523779666,0.7077819108963013,0.4557153582572937,AC0E55355FDDCAFA32F131ABD0136E2E3B1AB61B93C0E3A4A13824B63772C476,1D7EB8668E769DD6516FC6F4BDB8EDB78C53CD4A5F4173B345D8B03BDE46590A,101F3B57983A3024279E9953D837479C74A3E3D9CA395CB14F8CDFB495A04F0E,D696BBFA42DD1A840708B9C42E824036862ED17D538B2B47551641D8145854DB,SAVED_FIXED_OUTPUT,HASH_VERIFIED_SUPPLEMENT_NOT_STRICT_FINAL
ODCR-D696,D06,39,12.463961600504811,0.6038200670467987,0.6413964033126831,0.5388204455375671,0D7318F2DA6F596C1867D45AC81CC429EE8B07450F624958D647E820DF6DA61A,2C3C12556AC6868897D75E2E94829F1A650F9665C1375A81601A8850A242ABCA,5325F19AC426971B5219816D4E43AE4FAC1C03F5FD99A36AB3F67739A69F4D07,D696BBFA42DD1A840708B9C42E824036862ED17D538B2B47551641D8145854DB,SAVED_FIXED_OUTPUT,HASH_VERIFIED_SUPPLEMENT_NOT_STRICT_FINAL
ODCR-D696,D06,40,8.239569134424393,0.38869941876093755,0.7653021812438965,0.49689793586730957,9340B5F5CD8234A0CBDC2603AD7BA8F01363A80B950414FC357BDF53643F7A50,EE5106C7E5154B941E5198B85C66284A62C8757C87E2E57DEA76A89E886DEE73,DFF976893FD977A6655FC2CCA896294915046D39EF596B1D6679A403DB85DE99,D696BBFA42DD1A840708B9C42E824036862ED17D538B2B47551641D8145854DB,SAVED_FIXED_OUTPUT,HASH_VERIFIED_SUPPLEMENT_NOT_STRICT_FINAL
ODCR-D696,D06,41,11.688793742215571,0.6020386194956644,0.6377504467964172,0.4385772943496704,414B2CDDE8D201E650CA35FB5F5B5049152549BEF8310307D7FDFAAEB87A933E,58CEAC6ACC041584C7E9B0870F6A9168BA86141CD679ADA25F31DB7B62EC7E7F,C83E139CD6CE45B2427998580C2D151FF948A93E43A5DD378B1940E7CEFD1026,D696BBFA42DD1A840708B9C42E824036862ED17D538B2B47551641D8145854DB,SAVED_FIXED_OUTPUT,HASH_VERIFIED_SUPPLEMENT_NOT_STRICT_FINAL
ODCR-D696,D06,42,11.142818452333916,0.462884053950084,0.7728971242904663,0.5587789416313171,756A2778DC7A36C3D2CE980C5704D3FF28DD9A134F2A5FD8EFA8ED98B5289EE7,C2ED2578BC9F78C25FB211535C4A2971A8C3B431F614D0C9F8780B7CB0790D97,877A4C89C09483DDA9EECAB7959F254AEBBE14D223114E3F7E4FFFEEF275A06F,D696BBFA42DD1A840708B9C42E824036862ED17D538B2B47551641D8145854DB,SAVED_FIXED_OUTPUT,HASH_VERIFIED_SUPPLEMENT_NOT_STRICT_FINAL
ODCR-D696,D06,43,9.491048122341367,0.4040757151775549,0.8571727871894836,0.5460513830184937,3581C893E71E6CA49BDFCB723B81435EC50078B6E1CF70AF13057AFFCB79FADA,75EE61876685FF3EA4386CEF532CAB226869419C2C5E735A266EC81F73870EE8,87F7923BE7062FE198DEF8BABF4C9BCD12AD1E3A5ED6D4828D95DF04BC20411C,D696BBFA42DD1A840708B9C42E824036862ED17D538B2B47551641D8145854DB,SAVED_FIXED_OUTPUT,HASH_VERIFIED_SUPPLEMENT_NOT_STRICT_FINAL
ODCR-D696,D06,44,9.665060935766324,0.6826055081921464,0.5660132765769958,0.4787639379501343,54849343586BEFADCB455A636AC8A1B4587675EF2ADD444B3A0C88540336967F,4677B2919C21BB427B463704AA14F6E43A31D75CA9F6A386CC93C4BA057976B4,D59835925BCE53786FD7BEDDD1BF10D63A17DAC8B002AE10DDA0BB1F040E8B84,D696BBFA42DD1A840708B9C42E824036862ED17D538B2B47551641D8145854DB,SAVED_FIXED_OUTPUT,HASH_VERIFIED_SUPPLEMENT_NOT_STRICT_FINAL
ODCR-D696,D06,45,14.945559215795729,0.6909618682379319,0.5380105376243591,0.3862461447715759,F00E9E30C19105E15A58BB72D8121F667B8A672CAB354083AF93B83E4E6223B2,289DBAAFB99744D36CE926A0E7295347F4CC7EC9046AD3BF6FDAFC350FE13077,DDA814871A163AF7B83FD2BCC11FCEC71E2678E03E1CD1EA1ECB56743CBE24E5,D696BBFA42DD1A840708B9C42E824036862ED17D538B2B47551641D8145854DB,SAVED_FIXED_OUTPUT,HASH_VERIFIED_SUPPLEMENT_NOT_STRICT_FINAL
ODCR-D696,D06,46,13.237191956622658,0.22339946882564768,0.9052417278289795,0.4938591718673706,70C79F4BC69068506F9CE17C15310ECD5F39017A27A72073804342CFC9B0A303,FE99499E05AAA1585150392C3E7CCFC905FC688437457FDFF610DACD025C19DB,8C5B918E90A99F0D558CEA8AA269F173D19708ACD24A6DE15F36CC2FCE32B860,D696BBFA42DD1A840708B9C42E824036862ED17D538B2B47551641D8145854DB,SAVED_FIXED_OUTPUT,HASH_VERIFIED_SUPPLEMENT_NOT_STRICT_FINAL
ODCR-D696,D06,47,15.95909631407682,0.6041798555740371,0.5298759937286377,0.4265119433403015,BC315CA9E20F6A05B04FA37FDDAB7AACD6BE60AC81C7FD41BB287BD60DAD088C,1CECE3856BF4DFCF4B9C80666D48D912AAE091B90B181F2171A1BDD84994F7F7,D16E3F87904BE85940A067A38CA7A39F90041FA682FA0227A36B44638D2F32AA,D696BBFA42DD1A840708B9C42E824036862ED17D538B2B47551641D8145854DB,SAVED_FIXED_OUTPUT,HASH_VERIFIED_SUPPLEMENT_NOT_STRICT_FINAL
ODCR-D696,D06,48,11.16779598548912,0.3236879631925433,0.8167464137077332,0.48111993074417114,F571B7AB63B6D6D821DF667AEF1E29805528226E8EEB5CFA9303DF48DF39DCB5,92F152AF6E8FB82985768D781E682CE5D784A44972923AA132A1C13AAA01DE88,F7E905C515007AA52CED9E11693EB05E2FD8C0A5E3D879098C95AA7502E88F89,D696BBFA42DD1A840708B9C42E824036862ED17D538B2B47551641D8145854DB,SAVED_FIXED_OUTPUT,HASH_VERIFIED_SUPPLEMENT_NOT_STRICT_FINAL
ODCR-D696,D06,49,10.968470436837492,0.3587608774878616,0.9055191874504089,0.6505523324012756,1115F4A9A191EADBDC45F0F44D4FB0BE368722CFC3A35281BDECC4D38F6C1D7D,3A6934BB503339653653D396FA5108DBB8E1494BEA220B6E6A21718B192AB6C5,73FC0DD705F9A51CB54739DB87EC9DAD9BCED153D10ADDECB6F3B30E2EB20698,D696BBFA42DD1A840708B9C42E824036862ED17D538B2B47551641D8145854DB,SAVED_FIXED_OUTPUT,HASH_VERIFIED_SUPPLEMENT_NOT_STRICT_FINAL
ODCR-D696,D06,50,11.484482004057114,0.42107530774273316,0.77657151222229,0.5798210501670837,1546122878AD4593E7C1539732427F1EA58D883AD866598610358528D1990CAA,3E75FD29C9B51438209E9418AE82107BF256B9F9A3598518679C898FD1392E4E,65D1631A3114570D167495ACA905A520770B3AE7B4CBCFEA03600D6B3F4EC060,D696BBFA42DD1A840708B9C42E824036862ED17D538B2B47551641D8145854DB,SAVED_FIXED_OUTPUT,HASH_VERIFIED_SUPPLEMENT_NOT_STRICT_FINAL
ODCR-D696,D06,51,14.126477470643302,0.40319721703150235,0.8119232654571533,0.4917389750480652,8B58351977C32009FDA9AE77E7B0A48B78F0760415BA62708DE1F062CAE1A3BC,78F7185C2B2575EC6608A760D9FFF23B2C51B9EB6AED7731D27A0F15EE813305,0CDE5DCB73108A79FE724EC10CB0BB1653591D9B0F2AB4505E8B02AEBA180823,D696BBFA42DD1A840708B9C42E824036862ED17D538B2B47551641D8145854DB,SAVED_FIXED_OUTPUT,HASH_VERIFIED_SUPPLEMENT_NOT_STRICT_FINAL
ODCR-D696,D06,52,12.984623828945542,0.25220589446043107,0.88802170753479,0.5717407464981079,E270DC3AE20CB709A9C369A58051984B64CC625BF58F4B16B6A23A0C68C84F77,E3A41F09926449C7149D31717FB0D952C2646CFEA459A225ECA94F3827E1366A,D1A1651A23B363E36C4AFB54C3F559FB6D00C0F942AC8925340B25268568DA44,D696BBFA42DD1A840708B9C42E824036862ED17D538B2B47551641D8145854DB,SAVED_FIXED_OUTPUT,HASH_VERIFIED_SUPPLEMENT_NOT_STRICT_FINAL
ODCR-D696,D06,53,10.919603532014513,0.42675869387002247,0.6967240571975708,0.45279550552368164,32D8328FAE01F5B48EC165032C30E7DEA8108B963CC050F39241C2AD0A461CD1,7240309CAFC4252BDF6C2A6939836185D61DCC6D4BC30AE43149D28298D1A85D,327D09B6DC5210A52622A6C79269D7C3BA0A5EB44A2ABBA7B1BA19EA1105C1BF,D696BBFA42DD1A840708B9C42E824036862ED17D538B2B47551641D8145854DB,SAVED_FIXED_OUTPUT,HASH_VERIFIED_SUPPLEMENT_NOT_STRICT_FINAL
ODCR-D696,D06,54,11.249536814226868,0.6449680983302192,0.6132654547691345,0.5057210922241211,2789C6F938DAD041AD72E0FE3AB1265D3B0A38C6927952A3F1D4C5EF1EA35993,ED019DFB21462F398F1438F86C9B485CC35EA554AA1E136B62BF915309FDC04D,0655E4CCC990D6497725AFD74ECACA683F5DCF95F0B48745E4E89D07835DD05B,D696BBFA42DD1A840708B9C42E824036862ED17D538B2B47551641D8145854DB,SAVED_FIXED_OUTPUT,HASH_VERIFIED_SUPPLEMENT_NOT_STRICT_FINAL
ODCR-D696,D06,55,12.082469420776135,0.6587052664406399,0.6419466137886047,0.42665553092956543,EAE3612C4E4F36D7F813D764CFA6F8F6BAC2A0C07C4F63664511A3906D9B3F15,DAA30DD018EBF3DD71AA19291AA9A98761FECE772CF96491C05C756E6664AF2D,6523CCDEE0483368C3AC96230DC1E90091AB8B0095328A38FEB4AFF37D5AA5F8,D696BBFA42DD1A840708B9C42E824036862ED17D538B2B47551641D8145854DB,SAVED_FIXED_OUTPUT,HASH_VERIFIED_SUPPLEMENT_NOT_STRICT_FINAL
ODCR-D696,D07,1,12.748869260361307,0.5928341342594629,0.44246917963027954,0.23869746923446655,2F4AC211C76670F483FB4C23D99B792EFC535D60D2F88FCE905E47474AA29927,70DDEA3297F6FCB7E7E5E3142C38719BE0AD8F87AB385A057012AACB5113C68F,EB44A6B393334423D1A2E92B33DE73C4124F27175FA3DE8A57A4115EB98C489B,D696BBFA42DD1A840708B9C42E824036862ED17D538B2B47551641D8145854DB,SAVED_FIXED_OUTPUT,HASH_VERIFIED_SUPPLEMENT_NOT_STRICT_FINAL
ODCR-D696,D07,2,14.458217670165256,0.6101587848673592,0.3490317463874817,0.13735657930374146,DBF9E753F94175E37390DB89FCFF1E0ABE7FAC13C9474DCEE19B03613683021E,CC029A27986DD6463BCD49386723FFE36FE308C9EE5C6463698E4F3F01480998,5B2E664B35360E2634AE44301CF30FFB4CE60C5740A168A35F00829FF817B997,D696BBFA42DD1A840708B9C42E824036862ED17D538B2B47551641D8145854DB,SAVED_FIXED_OUTPUT,HASH_VERIFIED_SUPPLEMENT_NOT_STRICT_FINAL
ODCR-D696,D07,3,9.50938060076614,0.5042546095970181,0.5306705236434937,0.3217543363571167,29E32163B37122631BA38311ECF7959DCBBB846FC5709EC1B6D62D17542929F2,76AD76C262F7364714F6B29D836B59238B650B1E5B1E0BD486156CEAB03DC154,FFEC94C97A89CB163142F8B837FC7093A7F04CB00522FBC631F2AEBBEC2EB342,D696BBFA42DD1A840708B9C42E824036862ED17D538B2B47551641D8145854DB,SAVED_FIXED_OUTPUT,HASH_VERIFIED_SUPPLEMENT_NOT_STRICT_FINAL
ODCR-D696,D07,4,9.74400266786628,0.5134334232044616,0.5302066206932068,0.30674469470977783,808D29FF6D04386D2358AF34F8AADACE4F1FFFE9D54D0626F5DAB18D5EDDCCE5,9387284B38B410CD4C0F89F74527FB1DAEBB683FE6ABC6C62BB59191CE5FD145,D5CAB431631A746D1D30FFA15B54DDACBC99FDBFE0121CDDF401AE0692442DBA,D696BBFA42DD1A840708B9C42E824036862ED17D538B2B47551641D8145854DB,SAVED_FIXED_OUTPUT,HASH_VERIFIED_SUPPLEMENT_NOT_STRICT_FINAL
ODCR-D696,D07,5,11.301039247235682,0.47395443156980593,0.5474585294723511,0.2870194911956787,7695569A21B066AF399419312F4A06DFEB7EB38A07804B5E41A9FBE4240F3556,4412819E0C0E25B295B131ADC01167CA0D21F1931210DC431914AC0D6A353334,AA505D4335F1DC96D0D993157F670BCB94E3375BCB9C29055299C0CEAFCBD8C3,D696BBFA42DD1A840708B9C42E824036862ED17D538B2B47551641D8145854DB,SAVED_FIXED_OUTPUT,HASH_VERIFIED_SUPPLEMENT_NOT_STRICT_FINAL
ODCR-D696,D07,6,12.17796704756559,0.5211212394008583,0.4497567117214203,0.23401355743408203,8228520490DA79602D9D4BB21E8BA2334B661A2C119BB4FE6E7C1A903B5BDC80,036D40BD93BD9677A93B0E0A7512980CCC633142FA9768706C5535D2774C9340,CBE6D3D4F01896687126C8BA1FD9BB36C3D44C1F00867F85481DBA5FC10E0CB7,D696BBFA42DD1A840708B9C42E824036862ED17D538B2B47551641D8145854DB,SAVED_FIXED_OUTPUT,HASH_VERIFIED_SUPPLEMENT_NOT_STRICT_FINAL
ODCR-D696,D07,7,11.717652693621151,0.45847535962713176,0.5880382657051086,0.31658071279525757,2D97788E461D52BBAB88A44475C4A5E1875D739E8F4654048F7CD03C5C088431,282F2AFF116AF5DF945814499F5817895B9999F66B8E2AE1CFAF2EBADA3C19EE,9943FDB11D38AF13346598FC0522D72E51D26D8F697C407108C7951AD1F84C0C,D696BBFA42DD1A840708B9C42E824036862ED17D538B2B47551641D8145854DB,SAVED_FIXED_OUTPUT,HASH_VERIFIED_SUPPLEMENT_NOT_STRICT_FINAL
ODCR-D696,D07,8,14.229175298630041,0.6617182168684238,0.23528724908828735,0.1630110740661621,C77D35C100AA7B6515B397B780BCE1C4BF88A6CB2B13F6EFFEDCA2025C864A12,E6445594B2275DF4CDE50999ACCA8E938F3C1D1C18621F09933EE7CCE15C6113,369CB500BA53EB4FC8EA5ECE973CA365C17A50C1A7761D00E309D209F7DC625E,D696BBFA42DD1A840708B9C42E824036862ED17D538B2B47551641D8145854DB,SAVED_FIXED_OUTPUT,HASH_VERIFIED_SUPPLEMENT_NOT_STRICT_FINAL
ODCR-D696,D07,9,11.234008472945225,0.5012911504226513,0.5432374477386475,0.30119788646698,AFE1125E5AE8C757F8F9F75624A7AD28CA5727748FFFC89F88C3A119D38073E4,FDB65CE15ABC481D61FCF6728B1482FE58576403FD03AB5AEF5099079C3AB3C6,76D64B34530B6AA50DC03EE38E8E6890F66E2295E105D93E288F5D50C54F4E7F,D696BBFA42DD1A840708B9C42E824036862ED17D538B2B47551641D8145854DB,SAVED_FIXED_OUTPUT,HASH_VERIFIED_SUPPLEMENT_NOT_STRICT_FINAL
ODCR-D696,D07,10,14.77431113000921,0.6453164290807263,0.3486959636211395,0.1950587034225464,08E9E0A333FDF0CD6AD1651F612CEADFFB47DBC621289AAD7912C0D275D835CA,2AC9F28AFB08A5F2EB1BAB222544E28C62FF0331216508B7B2B361D03C409C77,6134C09F1B853BD19BEE715E856D8595367CB31BC4C06D2C1885FA4D6E92F381,D696BBFA42DD1A840708B9C42E824036862ED17D538B2B47551641D8145854DB,SAVED_FIXED_OUTPUT,HASH_VERIFIED_SUPPLEMENT_NOT_STRICT_FINAL
ODCR-D696,D07,11,11.710012989139251,0.4600551614366468,0.5992130041122437,0.3271033763885498,CD879322E71DC73881BA394DA129D051C80BC96FB38F62C716C52DA5DD9843CC,DF0AD43890D1D228B6FAEF5336D6128A715E2A350525F7260E6D4C5A900F7DE0,164F4BC22CE9A2882E713173A576F08BE50F86B106B8C26944C1595AB36E9BBE,D696BBFA42DD1A840708B9C42E824036862ED17D538B2B47551641D8145854DB,SAVED_FIXED_OUTPUT,HASH_VERIFIED_SUPPLEMENT_NOT_STRICT_FINAL
ODCR-D696,D07,12,11.981041834016237,0.5518116465755195,0.47953569889068604,0.26215070486068726,DF826917978479CB544754875EFB5312388DFFBDEE9AC4AAF4FD19C6BC175BEB,2B9894D7AEC2FFFC8804E4E790E71D455831FA23423831D87875ECF37FB6987B,3B3B12FB7B0AEDF8538DA468EF764E1A9EA19E6D8F1BD41D7E4E3273C6389D2C,D696BBFA42DD1A840708B9C42E824036862ED17D538B2B47551641D8145854DB,SAVED_FIXED_OUTPUT,HASH_VERIFIED_SUPPLEMENT_NOT_STRICT_FINAL
ODCR-D696,D07,13,12.0089350915568,0.5977347550020004,0.39493927359580994,0.27229541540145874,C5DF23FE4916054042285B1A900B08F4E6933F06962AA6E774B546B1F79A4F1F,3AB5EFEF688E8DF19B1C8A2DC1BD23316ED2EE75EEFEB5B0375166AEDBBD415A,5031EF32787CB390B39040AD7A72DC78838DB507DE6FEC20D72C8DA363EA4032,D696BBFA42DD1A840708B9C42E824036862ED17D538B2B47551641D8145854DB,SAVED_FIXED_OUTPUT,HASH_VERIFIED_SUPPLEMENT_NOT_STRICT_FINAL
ODCR-D696,D07,14,15.373657308803725,0.6549477269786596,0.37816664576530457,0.1957639455795288,E0BEE00FC3DBD4BB8A2E943525DA05D00D8DD20489AA818171BD3A73BC19143C,A2D892354F97C06A62BDDAC58EC75C94986103486D6CE395707672298D9F573D,AB6F7974F47D106E21EC7A5E0BCB56ED6F4B1E88DC90A346FD266AB9C5F4AF1B,D696BBFA42DD1A840708B9C42E824036862ED17D538B2B47551641D8145854DB,SAVED_FIXED_OUTPUT,HASH_VERIFIED_SUPPLEMENT_NOT_STRICT_FINAL
ODCR-D696,D07,15,13.208435028699961,0.6112923049586731,0.3170177638530731,0.1413865089416504,47DC42CC419222ABCC877682642262D615A25954AEE89468F0375D2BE1B25A68,B87B8A8BB2F5B0B370F4D55436305ED02919618BF1FA77369662EA28710AFC2E,6C2E3294400D8C233F8E2407328D36A8A193EA23EBF50E32080BDBE6FC90FC37,D696BBFA42DD1A840708B9C42E824036862ED17D538B2B47551641D8145854DB,SAVED_FIXED_OUTPUT,HASH_VERIFIED_SUPPLEMENT_NOT_STRICT_FINAL
ODCR-D696,D07,16,15.590337025586775,0.7129971401618476,0.2772054076194763,0.11775857210159302,C6E8CF1214F28475A4DD452F21FF6D0873BB8FEB329AC4F16EFE18497621949E,609B9113CEDC5E3E08ADC4E4510F0260024DEE7547DE4589E9F455469281BD05,258E738E150548DD1E9EF37B980EF098CEE58AC8E87DE181D08C4F05F3CD4BF9,D696BBFA42DD1A840708B9C42E824036862ED17D538B2B47551641D8145854DB,SAVED_FIXED_OUTPUT,HASH_VERIFIED_SUPPLEMENT_NOT_STRICT_FINAL
ODCR-D696,D07,17,13.196160474248636,0.5870872317086274,0.4462739825248718,0.2992396354675293,6065AB75F4C64FA2B7819F1BB665539086625B585B5121B19A66200F8FBDC963,5950E9BE89EF46EBD6321CA3979B7EFB1908B99D763926192B0F96AACF1066F3,B67797BD498A6247659C5DF8A8E67C47BA4CD74F15FCE3820C252BF36DD01ECF,D696BBFA42DD1A840708B9C42E824036862ED17D538B2B47551641D8145854DB,SAVED_FIXED_OUTPUT,HASH_VERIFIED_SUPPLEMENT_NOT_STRICT_FINAL
ODCR-D696,D07,18,14.823333682825178,0.6136139458227664,0.3790888488292694,0.20871520042419434,3D22552FC2EB9BE5EA517190DB592B213CA093943A559A7BA520C55CF3FF618A,B24E1E07B2985C4406F26FD22F730432A6F062584C6A83B4C81D6593439C7074,11B7B890C0C460B5D13F5BAD72F8AEA1D866882E9BC154F44AEF85012DB12CA2,D696BBFA42DD1A840708B9C42E824036862ED17D538B2B47551641D8145854DB,SAVED_FIXED_OUTPUT,HASH_VERIFIED_SUPPLEMENT_NOT_STRICT_FINAL
ODCR-D696,D07,19,13.190380760869536,0.46375088954750726,0.5519051551818848,0.263370156288147,7AD7060FAA048C6B435C3F96D294C762BECF6F08D30F9FDD41DA3E1CDA189C7D,4EB4973F803989966ED94BA8909BD94592B9892E6646B6162FE44099AA5AE7F4,29E6EF2FB1073A1D34AAF5ECCE3DBFC808782F83C2465BEDD839FA2721B15382,D696BBFA42DD1A840708B9C42E824036862ED17D538B2B47551641D8145854DB,SAVED_FIXED_OUTPUT,HASH_VERIFIED_SUPPLEMENT_NOT_STRICT_FINAL
ODCR-D696,D07,20,13.082844274694715,0.44307825646595606,0.6187264323234558,0.321948766708374,836386F0CC7777CA7086DAF7E26FC3EAEF4BDB082CCEA9D0286DC323A35015EE,63DA7322D9B38BBE8BB48667D06081E3C3934893315DB595912BE563FE5B4A94,6BF00E9A8D9374825E639252159BE4A510C3F285A6949D815F2E03FF2F520326,D696BBFA42DD1A840708B9C42E824036862ED17D538B2B47551641D8145854DB,SAVED_FIXED_OUTPUT,HASH_VERIFIED_SUPPLEMENT_NOT_STRICT_FINAL
ODCR-D696,D07,21,10.604516372035796,0.5545482808157122,0.4648851156234741,0.231827974319458,36B844AE012712DBC47DAACDA04A81883BE7D259F7D12A2893940AE0A9E685FB,8F6BC70A448EE17D017112E6BD6E1C91713D123406F6FBC3051B91A515D26235,CD2218563A1A8E0875FCCDB345ACCF5471F8C0CE594E46C3BE7FDA55179DCE5C,D696BBFA42DD1A840708B9C42E824036862ED17D538B2B47551641D8145854DB,SAVED_FIXED_OUTPUT,HASH_VERIFIED_SUPPLEMENT_NOT_STRICT_FINAL
ODCR-D696,D07,22,13.568373233513341,0.4257935582844595,0.6197137832641602,0.35949188470840454,16D49FAD720777E427295C31DB5C5E4B8B0803FBDC16489839235468F4F046C7,353441646EC6FA48421EA2C5E9E05C357445B166BBD98A389597D4C9CC35D2E4,C5DDC8DBC4A1F3FC813F5A45B3E5EC09AB69815E9597450429AA13E3CE114F65,D696BBFA42DD1A840708B9C42E824036862ED17D538B2B47551641D8145854DB,SAVED_FIXED_OUTPUT,HASH_VERIFIED_SUPPLEMENT_NOT_STRICT_FINAL
ODCR-D696,D07,23,11.748531429089244,0.6787890431481198,0.2921755015850067,0.139992356300354,28798CCFE92DAFFFC5ABA451C556C51D1136DCDF9D121FF3398B59F0537C9489,D7C4A37B02CA65482B3B118B5C7947C172E065243600C69CEFB0174305B5CCC0,198026BA3FA6761A58963F60176C3FC197CC7831C5D0D61824BD7ECC47E03506,D696BBFA42DD1A840708B9C42E824036862ED17D538B2B47551641D8145854DB,SAVED_FIXED_OUTPUT,HASH_VERIFIED_SUPPLEMENT_NOT_STRICT_FINAL
ODCR-D696,D07,24,11.16323871330756,0.6147622551646911,0.3971276879310608,0.1841084361076355,4D9BA936BF2641A98737F01492B7A28497A815FC184FA76435659A955AE42F69,50546ECAB5ACFBD886119A284E96ECBBC93F6E73B3975C556622E320233B1F5D,56D53D599A23CE3BD33298B818E95C6A87F65B78FBCE40E821C97605C0F61574,D696BBFA42DD1A840708B9C42E824036862ED17D538B2B47551641D8145854DB,SAVED_FIXED_OUTPUT,HASH_VERIFIED_SUPPLEMENT_NOT_STRICT_FINAL
ODCR-D696,D07,25,14.06484697744572,0.633259454936386,0.4552364647388458,0.27594953775405884,0A2F75698628581F29066D462AF1D989A6FD1A59717E196ECCFA4A44FB4D56F8,9301726D8A40EE4C50B58846E24E12A0A35A877A8F17A236A5B0DD3DD71BCEA9,CD868B725A2965F3F0CF8FA0BE3EAEC87FC82E64EEB1482B48CE63AFD51BBF60,D696BBFA42DD1A840708B9C42E824036862ED17D538B2B47551641D8145854DB,SAVED_FIXED_OUTPUT,HASH_VERIFIED_SUPPLEMENT_NOT_STRICT_FINAL
ODCR-D696,D07,26,9.601869915948075,0.41777455856028906,0.6346268653869629,0.33002030849456787,276BEB466013030724769518F4FD0A6E15D815926F48583878C8076757F2C583,38206ED528109618D498071A4A50D26D80E2B00F7BD8243E56ACCC12D964216F,B1F0025DAC0D14D3304B9E9721D09F736192236CAB83481F88EB7F329E1AF66E,D696BBFA42DD1A840708B9C42E824036862ED17D538B2B47551641D8145854DB,SAVED_FIXED_OUTPUT,HASH_VERIFIED_SUPPLEMENT_NOT_STRICT_FINAL
ODCR-D696,D07,27,13.810256534080882,0.45165705478025653,0.5107871294021606,0.308438241481781,518E1B7213E350E8E195C5096C1CAED00808607DAAC253615B72BA443EDE4FBE,1D6A7ABDD4679CF924EA3E980ED410ED01C9F78C965FDC51668117B8A457A63F,B139DC4B39D51F64931126F3776432BCCC2A7D16BBB22D8055FE8960BE95313F,D696BBFA42DD1A840708B9C42E824036862ED17D538B2B47551641D8145854DB,SAVED_FIXED_OUTPUT,HASH_VERIFIED_SUPPLEMENT_NOT_STRICT_FINAL
ODCR-D696,D07,28,10.615715223240453,0.38502702876953626,0.5882416367530823,0.3319847583770752,9DF77BBF1FFFE2759CA8C270FBF4F0D5174E5E36A5E14414D2C854874B26D0F6,4B81F25AACBDC6F63448BCDAAF39F393EFB34F16CBCEFEB2870F8D027718F852,0F1200877732B4A9F3B672A63FFD94273B693E5D16FDE7BFBE67DE79CB33C0C6,D696BBFA42DD1A840708B9C42E824036862ED17D538B2B47551641D8145854DB,SAVED_FIXED_OUTPUT,HASH_VERIFIED_SUPPLEMENT_NOT_STRICT_FINAL
ODCR-D696,D07,29,13.568869689612722,0.39624739620923594,0.5108109712600708,0.37320899963378906,203AFE68E56155636E21647CC997FC236BD0BF6C44A8F12BD325DA6B7E89A673,74AAADE504E46014B29AD28EB27BB5ED8D46D83BD7B9C229B3F6E3BC1EAA8176,F33CC5D60559FDBB256C720D58CC22EFA989D3A348E88811976A88ABD041B8C7,D696BBFA42DD1A840708B9C42E824036862ED17D538B2B47551641D8145854DB,SAVED_FIXED_OUTPUT,HASH_VERIFIED_SUPPLEMENT_NOT_STRICT_FINAL
ODCR-D696,D07,30,9.137290035889588,0.41329364102138916,0.5453848242759705,0.32063543796539307,60580134EF6404C81DE70DEEDC69F09D5D57DF48E553EE30408122F9DFC3D8A2,EEA6210CEE42147E41CEF0485060596DEC20D7815E1EBAF22526B00DE0D56BE2,8D7C881CBB1AE9CE84CA64A979A9A0C92B97F8360C5786DE332F56212B99E885,D696BBFA42DD1A840708B9C42E824036862ED17D538B2B47551641D8145854DB,SAVED_FIXED_OUTPUT,HASH_VERIFIED_SUPPLEMENT_NOT_STRICT_FINAL
ODCR-D696,D07,31,13.582200367099048,0.45064485117278585,0.4194985628128052,0.256717324256897,69E44A874A0857D29438461534818DBA226DDF909FC3D1F08E913F7C2AB1D7E2,2E390F7E2161DC0142F4E4213A34E33DB5B189F38E6E155978F492C110905C18,6A9121C2E3FF556091F484E7A4EEA2703C52C5DF5A4A9E22E12661BBA4FB108E,D696BBFA42DD1A840708B9C42E824036862ED17D538B2B47551641D8145854DB,SAVED_FIXED_OUTPUT,HASH_VERIFIED_SUPPLEMENT_NOT_STRICT_FINAL
ODCR-D696,D07,32,12.07950762743468,0.6074465666402126,0.43509358167648315,0.2568073868751526,785A8522D94594A5C3C96DD313D91152E4F302AB89D79B4F60E50D19F3C0A5DC,BF820C55B092C9B475A93B12097314C4EF7739C8ADAA423687FFA29FD1892CA7,9CF193BFD26DACBFFC367D850A07230418DA9EAF28E6F28F1F31E238F480E956,D696BBFA42DD1A840708B9C42E824036862ED17D538B2B47551641D8145854DB,SAVED_FIXED_OUTPUT,HASH_VERIFIED_SUPPLEMENT_NOT_STRICT_FINAL
ODCR-D696,D07,33,12.808834293551499,0.3177893404688073,0.6285663843154907,0.4011497497558594,28FD01B20F1A8356E628EB9D28DCD947EED1D2B306E297103AEBCC5F88CD91BF,2F9270F190B25D17B714CC31996610236CA1BAF3FEE80DADE6F0877DDD1A48AF,68EBE7E8B1B1AD4D853CBDB1B3AB93564CF6F2058C24EFFA5FC9383F1ECB9202,D696BBFA42DD1A840708B9C42E824036862ED17D538B2B47551641D8145854DB,SAVED_FIXED_OUTPUT,HASH_VERIFIED_SUPPLEMENT_NOT_STRICT_FINAL
ODCR-D696,D07,34,13.418873659502676,0.509373189004715,0.4550081789493561,0.2957988977432251,FCF8ED69DE46A6E886F1600F8948140D776B73085E4866C75616774146580865,E22F3265C8232C5DBD4148A02EC2B2CB3BC481448EFA777318694E10C5E89213,C11C491E0EF883A2EC0E717E9225E2B7FEDF5CC52105B037080B351D3D905BB6,D696BBFA42DD1A840708B9C42E824036862ED17D538B2B47551641D8145854DB,SAVED_FIXED_OUTPUT,HASH_VERIFIED_SUPPLEMENT_NOT_STRICT_FINAL
ODCR-D696,D07,35,14.226172151496126,0.5441347860064519,0.4153246283531189,0.24037957191467285,495F36A7350B3E1C12238E1869EE47D0183311EB5AA9863617FD08611A8B71D8,3041F0511BA5CB03C5A1DA424D7C196C2BEC7FDFB73911F5A484D14441217A30,82152CD18417E3A3440306A91A9F1AB625D7146F29D2C27CD47F4138B092BC70,D696BBFA42DD1A840708B9C42E824036862ED17D538B2B47551641D8145854DB,SAVED_FIXED_OUTPUT,HASH_VERIFIED_SUPPLEMENT_NOT_STRICT_FINAL
ODCR-D696,D07,36,15.022536712387133,0.5354766910735307,0.46158644556999207,0.2863287329673767,DDC8377A47258EFBDE852FCD939462785827A0167C60CBCF2D5E1388EE93AFF7,DDDB9A267B83683FF4C57BBB891C541CCBD03F36D283CD226BB110934B40EF2E,EC616988178F3ED80229224070DE7B0473BAD724073F369EE5D143DD7EF21713,D696BBFA42DD1A840708B9C42E824036862ED17D538B2B47551641D8145854DB,SAVED_FIXED_OUTPUT,HASH_VERIFIED_SUPPLEMENT_NOT_STRICT_FINAL
ODCR-D696,D07,37,12.764848430921536,0.5966814349975341,0.3671107590198517,0.25747859477996826,BD1340B4AFD561C8663A29EB5A58FD79AA0401E00745CD7C67677FE7CB2ED66D,08DDAA7E314A757BF36ACBBF5E362E590F975073794A60B073EA712A7E195824,F96AB87F7751E37A159784AEFC538FF16733F653D4BF038F60CB0A3D2A0AB748,D696BBFA42DD1A840708B9C42E824036862ED17D538B2B47551641D8145854DB,SAVED_FIXED_OUTPUT,HASH_VERIFIED_SUPPLEMENT_NOT_STRICT_FINAL
ODCR-D696,D07,38,12.349878436833539,0.5496114920408651,0.4416996240615845,0.26440197229385376,55D7DFB7916278DABEA6FF7342C68C6B5CFB49EED2550379B234B2B1E91BC55A,DF5C03B04D078FF0117E4BC6C80A3639B3893FDEFE5D44EB057F9828194ED071,E88B71E9A2B78A41A28A043B4519B55537951113EA4C3EA67F9CB83F8DC0A5A4,D696BBFA42DD1A840708B9C42E824036862ED17D538B2B47551641D8145854DB,SAVED_FIXED_OUTPUT,HASH_VERIFIED_SUPPLEMENT_NOT_STRICT_FINAL
ODCR-D696,D07,39,10.449259186925744,0.32351413707366744,0.6653450727462769,0.3659553527832031,AC903D81C1866E88888171F76B15B4294FBAB89460F9BC823BE67B83F48A304B,AAF4009568AC96ADD356C940833D0DB1CD92D68E5E22F7171C998D044025CA67,2E8AA36480A71311A5152B2B6BE4F9F8CC54AA3EAC11F05336FADEE86C6EA00C,D696BBFA42DD1A840708B9C42E824036862ED17D538B2B47551641D8145854DB,SAVED_FIXED_OUTPUT,HASH_VERIFIED_SUPPLEMENT_NOT_STRICT_FINAL
ODCR-D696,D07,40,10.932984432694626,0.595078070068782,0.42172497510910034,0.24714148044586182,7C2CDA7D34C8ECA64BF9BD048926A1AA3BC891D2B5121322D8676DFEF983AA4E,F84040D4A7208B1382EEDF84A3519460B560BA376A49929E4C17843A13AA03E7,175D14ADE9000E137A8560E2B3021627178CB9EBC0AAF8DE03B3C28B6D4684BC,D696BBFA42DD1A840708B9C42E824036862ED17D538B2B47551641D8145854DB,SAVED_FIXED_OUTPUT,HASH_VERIFIED_SUPPLEMENT_NOT_STRICT_FINAL
ODCR-D696,D07,41,9.390085439554834,0.5268593737636045,0.5259275436401367,0.3086976408958435,276CD8550FB2A5D93B8FC9B3AA70F03F4F2DB0994E5AE3956F102D113F0C0653,1B746A2E1FEA7EF34A182FC03C48FF5598197754AF767165E364E8E7E736F1F3,082580B7FE28279CCD445796D8449863B6A8780D887242FFC917603DB59DAFDD,D696BBFA42DD1A840708B9C42E824036862ED17D538B2B47551641D8145854DB,SAVED_FIXED_OUTPUT,HASH_VERIFIED_SUPPLEMENT_NOT_STRICT_FINAL
ODCR-D696,D07,42,10.576699694704736,0.5655464679945913,0.4312884211540222,0.27332568168640137,96D0D46DB26CE8069CC040C544B03466B78BDE82990EEF47BCE5268DC85786D8,1FA6871B81CE5A13EF3C9CB4AD41578E1DED901976EE7FD81B193E6B159E6E34,BD5F76B8F0971AB96102E8E84BBAB1EF68E8022B5ADB2E3B0A988DE2E2257665,D696BBFA42DD1A840708B9C42E824036862ED17D538B2B47551641D8145854DB,SAVED_FIXED_OUTPUT,HASH_VERIFIED_SUPPLEMENT_NOT_STRICT_FINAL
ODCR-D696,D07,43,13.192546365261508,0.5273310345285104,0.44129592180252075,0.27209240198135376,92E86C4F14A09D2FF33D03600292979095602F12C890019FC284131E29ABA6AD,760B8C97FDC44758E1D0D966D9C9C2BC6080AE2B37F6A240413AE929F96DF260,90EE429188501C0E36E6E9EE8196FD4F489B9EB35A794CB87CC62045EC32CF16,D696BBFA42DD1A840708B9C42E824036862ED17D538B2B47551641D8145854DB,SAVED_FIXED_OUTPUT,HASH_VERIFIED_SUPPLEMENT_NOT_STRICT_FINAL
ODCR-D696,D07,44,7.799612242024761,0.42177206143450685,0.5747836828231812,0.27608543634414673,6FAB41B0239CB4EECFAE696EF12C66667CFB23E69797CA5D5001301179ACF265,EE03F159BFF1E0B5CF0FA9792C26DA85D951A46BE2996DD4EE5E38CCDBD11063,1B662D1BA7B86E9C29D0DE20AA6430E6A7DA544C2E491BDDE6F77A8465C61DAF,D696BBFA42DD1A840708B9C42E824036862ED17D538B2B47551641D8145854DB,SAVED_FIXED_OUTPUT,HASH_VERIFIED_SUPPLEMENT_NOT_STRICT_FINAL
ODCR-D696,D07,45,13.698073856177857,0.5704894863919505,0.4312298595905304,0.24907594919204712,25E657687F02DEFF18C74AF29EE167F04C7F360C8F6AE40CD005E2F6B93B22F8,40B2C27DAA91346E8DAE0634F58B1908F4C9947BC5A4AC1B292060021AD63F48,B97A6C870C38AF4D79C300090D007F3A56B20E698ED594F8AEB3BC7955A24B8A,D696BBFA42DD1A840708B9C42E824036862ED17D538B2B47551641D8145854DB,SAVED_FIXED_OUTPUT,HASH_VERIFIED_SUPPLEMENT_NOT_STRICT_FINAL
ODCR-D696,D07,46,9.161479749307452,0.45530591260050474,0.6180155277252197,0.3605678677558899,BF25D291BC088BDBB4589980E3A456B95580947393BBC4361B86B2A856275469,DAFDD0CCA03EDC3FDDECC00BE107C7BEF6CF7324B8CBFEE47BDB1A1C62BDA2B9,DB3FC8B00C3FDA5BF46B7447A441C1D03AE85437E2B32A43607A132C946CADB2,D696BBFA42DD1A840708B9C42E824036862ED17D538B2B47551641D8145854DB,SAVED_FIXED_OUTPUT,HASH_VERIFIED_SUPPLEMENT_NOT_STRICT_FINAL
ODCR-D696,D07,47,6.931538579712635,0.4361550726277989,0.6364351511001587,0.34871143102645874,DF0FA40FD6104B249E475516FB131D1EEB075B4686516E27E2913C05B3A85EE6,D8A0D21C5F0F0D012F2131175A37811616DD6D606A28A25093213DB79404A585,9739D8F6EB407FDA210140DDEEA4595CDBBF21C00EFA0B61AEECD2D0B8BEB431,D696BBFA42DD1A840708B9C42E824036862ED17D538B2B47551641D8145854DB,SAVED_FIXED_OUTPUT,HASH_VERIFIED_SUPPLEMENT_NOT_STRICT_FINAL
ODCR-D696,D07,48,11.355998963091201,0.332167226739754,0.6088110208511353,0.3616199493408203,3B301E07DE8F14832F593EBE8491B039EE7C9D289CF991F9788A0DB7B20095E8,6B74FC289D89DE2B69A6ECCB274AEBB570FBCF4802BDEAAAE711C8AA74F1214D,8A50555BBBE8EEC37F7E0AED26D43FA8E5D4134B262DE54D7F55CB833540E32D,D696BBFA42DD1A840708B9C42E824036862ED17D538B2B47551641D8145854DB,SAVED_FIXED_OUTPUT,HASH_VERIFIED_SUPPLEMENT_NOT_STRICT_FINAL
ODCR-D696,D07,49,12.734300376599787,0.6215177713107952,0.3908868730068207,0.22509264945983887,C42F9377AA6CA30FC45067B98D33ABD11EAC3FB614BEABE92473F4DC6E6D81C1,75E7F67309BD2A83D503756C0BACAD4F3DDC7D5C571644F16F8A310E3E05D152,A12BD4B8CF3E7FCF269652B843FF2A516756D065DE271C7B71AA8F9A25371DB3,D696BBFA42DD1A840708B9C42E824036862ED17D538B2B47551641D8145854DB,SAVED_FIXED_OUTPUT,HASH_VERIFIED_SUPPLEMENT_NOT_STRICT_FINAL
ODCR-D696,D07,50,12.587821572925916,0.4598681323019285,0.4939780831336975,0.2833218574523926,6EE7CFAB524B06C8FB85816E4904C25426693FD1DAE0624D52EE106FFE336D84,078C6B1C923459F568D242F12819DC727F4C83744D353DD439CF3D217F790E2B,F1396D0F47D3093415DFF1B51D14D93864A08588AAEACE6245E94A7082A32824,D696BBFA42DD1A840708B9C42E824036862ED17D538B2B47551641D8145854DB,SAVED_FIXED_OUTPUT,HASH_VERIFIED_SUPPLEMENT_NOT_STRICT_FINAL
ODCR-D696,D07,51,13.595468025223617,0.44816738737933964,0.5733875036239624,0.3881274461746216,DC66B010FA0B129995CD5BC405EB0DBEB4F0AB69EA9DE677527C274EFF456074,F1272787458CB07FEE6D5FBF60372A17135EFFE21624E0F5399AF5417DD7F33F,F620E6E2E2F6881ABFCC7B65828CE00F0AC9238D162B5A6E63A4DACA44975E32,D696BBFA42DD1A840708B9C42E824036862ED17D538B2B47551641D8145854DB,SAVED_FIXED_OUTPUT,HASH_VERIFIED_SUPPLEMENT_NOT_STRICT_FINAL
ODCR-D696,D07,52,12.160981928675882,0.5540526754885384,0.4664456248283386,0.24684643745422363,0B357FE8678B05CF3108C1B9C3F17369BE95E1296EA6D0BBBC2CF32511D6D1F1,E0293C9563B13300E5CCFBC3AA9B1A08C37F790AFAD174C032E7931B6047AE41,4A015C6B7BD7B90408E41B190B34A9F44FCC445A07088280EBF9228FF628D084,D696BBFA42DD1A840708B9C42E824036862ED17D538B2B47551641D8145854DB,SAVED_FIXED_OUTPUT,HASH_VERIFIED_SUPPLEMENT_NOT_STRICT_FINAL
ODCR-D696,D07,53,11.033126176385244,0.5153316446366051,0.5089409351348877,0.270544171333313,B45310A5C6D3B5B8A41FF1C91FF949016FC4A30599E76F5F3B691FE25928EEAB,6E0248CBF1F21BAB1A1DC4A8C461B8F4E8A46801364735D08B51A61B6CD24F7F,1B3C3D348960C8F10AFB31A0CBAA00AA4C528CBE917F1FB903F4AEB84312A7FB,D696BBFA42DD1A840708B9C42E824036862ED17D538B2B47551641D8145854DB,SAVED_FIXED_OUTPUT,HASH_VERIFIED_SUPPLEMENT_NOT_STRICT_FINAL
ODCR-D696,D07,54,13.658153647194471,0.488507893045258,0.5088068246841431,0.24532586336135864,CA3DE5F9ECAE90CD1F2279FBA3522E283E1C16F8B85FEFA8C041705203C33AB6,834DAEF81393AFC39AC73411D5F59542911D7F9DC23B19C999E3A4F2EC8BF28B,D427316262CEE6C51767974F9EE994AB81199E7DD082F146C0FCC558D6A0FD4E,D696BBFA42DD1A840708B9C42E824036862ED17D538B2B47551641D8145854DB,SAVED_FIXED_OUTPUT,HASH_VERIFIED_SUPPLEMENT_NOT_STRICT_FINAL
ODCR-D696,D07,55,13.507709756037706,0.4806947836429322,0.4535348415374756,0.23851299285888672,0ACA5791D2F797CDAE61691DC15A70A4070BE4303E25B976F1CA530779D0ACFC,5AB38AD0A643FEC9C67CB841646B0CEE2EBC0946A50C80F5EF9C721297BCD023,1CB9FF777361C0FCC036B1BDF4A10A9B98C9A42467BD402161693930D29D662C,D696BBFA42DD1A840708B9C42E824036862ED17D538B2B47551641D8145854DB,SAVED_FIXED_OUTPUT,HASH_VERIFIED_SUPPLEMENT_NOT_STRICT_FINAL
