Method,Weight identity / source version,Recorded inference configuration
DCP,"No learned checkpoint
commit 7515f99",Dark-channel prior; omega 0.95; window 15; no learned checkpoint.
CAP,"No learned checkpoint
commit 0c81194","Color attenuation prior; radius 15, beta 1, epsilon 0.001, residual sigma 0.041337; no neural checkpoint."
DehazeNet,"dehaze.mat
SHA-256 1A8B2D928EDC
commit 86f8b73",Official run_cnn path with Windows MEX; output clamping at serialization.
AOD-Net,"AOD_Net.caffemodel
SHA-256 B1178B805673
commit 0f1d380","AOD_Net.caffemodel; RGB [0,1]; no additional resizing/cropping; uint8 truncation."
GridDehazeNet,"outdoor_haze_best_3_6
SHA-256 80A8F3AAD5FD
commit 4813991","Outdoor release; RGB normalized to [-1,1]; full-image inference; uint8 rounding."
WBPGNDN,"Best.pkl
SHA-256 D45BDDDDA4C4
author release; no VCS metadata",Strict state loading; release-native upfirdn2d; factor-8 reflect padding and output crop.
FFA-Net,"ots_train_ffa_3_19.pk
SHA-256 1C80E4AD4F4E
commit 6651bcf","OTS FFA(3 groups, 19 blocks); channel mean [0.64,0.60,0.58], std [0.14,0.15,0.152]; clamp and round."
MB-TaylorFormer,"OTS-MB-TaylorFormer-B.pth
SHA-256 3E4DB21CCBB3
commit c504250","OTS B checkpoint; RGB [0,1]; factor-8 reflect padding; crop and clamp output."
PromptIR,"model.ckpt
SHA-256 B77EF1A099B7
commit not recorded","RGB [0,1]; factor-8 reflect padding; tiled inference adapter. Exact launch tile dimensions are not recorded in the retained summary."
MixDehazeNet,"MixDehazeNet-b.pth
SHA-256 D1EDC8A01816
commit 90a0474","Outdoor B checkpoint; RGB [-1,1]; factor-4 reflect padding; crop, clamp, map to [0,1], and round."
